Complaint,Complaint_Clean,Category,Urgency,Complaint_Clean_Banglish
I can’t add a new address — button does nothing.,I can't add a new address - button does nothing.,Account & Shipping,Low,Ami new address add korte parchi na - button kichu korche na.
Flash sale prices aren’t reflected during checkout. and I need help urgently,Flash sale prices aren't reflected during checkout. and I need help urgently,Promotions,Immediate,Flash sale prices checkout er shomoy reflect hocche na. ebong amar urgent help dorkar
System declined my payment without any reason. — this is very frustrating,System declined my payment without any reason. - this is very frustrating,Payments,Immediate,System kono reason chara amar payment decline koreche. - eta khub e frustrating
The shipping company marked it as delivered to the wrong city. and I need help urgently,The shipping company marked it as delivered to the wrong city. and I need help urgently,Order Tracking,Medium,Shipping company eta bhul city te delivered bole mark koreche. ebong amar urgent help dorkar
Site logs me out randomly. which is unacceptable,Site logs me out randomly. which is unacceptable,Technical Issues,Medium,Site random vabe amake log out kore dicche. ja completely unacceptable
I never received the promised sign-up bonus. and I don't know what to do next,I never received the promised sign-up bonus. and I don't know what to do next,Promotions,Medium,Ami promise kora sign-up bonus kkhono pai ni. ebong ami jani na ki korbo
It looks like a returned item — packaging was already opened. — this is very frustrating,It looks like a returned item - packaging was already opened. - this is very frustrating,Product Issues,Low,Dekhte mone hocche ekta returned item - packaging agei open kora chilo. - eta khub e frustrating
"Order timed out after payment, but money is gone.","Order timed out after payment, but money is gone.",Payments,Low,"Payment er por order timed out hoye geche, kintu taka kete geche."
No updates in 7 days — where is my stuff? even after multiple attempts,No updates in 7 days - where is my stuff? even after multiple attempts,Order Tracking,Medium,7 diner moddhe kono update nei - amar jinish koi? onek bar chesta korar poro
I paid for express delivery and it’s still not shipped. — this is very frustrating,I paid for express delivery and it's still not shipped. - this is very frustrating,Order Tracking,Low,Ami express delivery er jonno pay korechi kintu ekhono ship hoyni. - eta khub e frustrating
The discount code I got by email doesn’t work on any items. even after multiple attempts,The discount code I got by email doesn't work on any items. even after multiple attempts,Promotions,High,Email e paoa discount code konta tei kaj korche na. onek bar chesta korar poro
Your support team said I’d get refunded — it's been a week. despite following all instructions,Your support team said I'd get refunded - it's been a week. despite following all instructions,Refunds,Medium,Apnader support team boleche ami refund pabo - ek hafta hoye geche. shob instruction follow korar poro o
It shipped to the wrong apartment. — this is very frustrating,It shipped to the wrong apartment. - this is very frustrating,Account & Shipping,Low,Eta bhul apartment e ship hoye geche. - eta khub e frustrating
"Order timed out after payment, but money is gone. — this is very frustrating","Order timed out after payment, but money is gone. - this is very frustrating",Payments,Medium,"Payment er por order timed out hoye geche, kintu taka kete geche. - eta khub e frustrating"
I never received the promised sign-up bonus. even after multiple attempts,I never received the promised sign-up bonus. even after multiple attempts,Promotions,Medium,Ami promise kora sign-up bonus kkhono pai ni. onek bar chesta korar poro
Site logs me out randomly. and there's no explanation anywhere,Site logs me out randomly. and there's no explanation anywhere,Technical Issues,High,Site random vabe amake log out kore dicche. ebong kothao kono explanation nei
I’m stuck on the loading screen forever. which is unacceptable,I'm stuck on the loading screen forever. which is unacceptable,Technical Issues,Immediate,Ami loading screen e shob shomoy stuck hoye thaki. ja completely unacceptable
No updates in 7 days — where is my stuff? — this is very frustrating,No updates in 7 days - where is my stuff? - this is very frustrating,Order Tracking,Low,7 diner moddhe kono update nei - amar jinish koi? - eta khub e frustrating
Package was rerouted without telling me. — this is very frustrating,Package was rerouted without telling me. - this is very frustrating,Order Tracking,High,Amake na janiye package er route change kora hoyeche. - eta khub e frustrating
It has a foul odor like chemicals. which is unacceptable,It has a foul odor like chemicals. which is unacceptable,Product Issues,High,Ete chemical er moto ekta kharap smell asche. ja completely unacceptable
I’m stuck on the loading screen forever. and I don't know what to do next,I'm stuck on the loading screen forever. and I don't know what to do next,Technical Issues,Medium,Ami loading screen e shob shomoy stuck hoye thaki. ebong ami jani na tarpor ki korbo
I never received the promised sign-up bonus. which is unacceptable,I never received the promised sign-up bonus. which is unacceptable,Promotions,High,Ami promise kora sign-up bonus kkhono pai ni. ja completely unacceptable
I clicked on a 15% off ad and it vanished at checkout.,I clicked on a 15% off ad and it vanished at checkout.,Promotions,Low,Ami ekta 15% off er ad e click korechi ebong checkout er shomoy sheta gayeb hoye geche.
I can’t add a new address — button does nothing. and I need help urgently,I can't add a new address - button does nothing. and I need help urgently,Account & Shipping,Medium,Ami new address add korte parchi na - button kichu korche na. ebong amar urgent help dorkar
"The return was delivered, but no refund yet. and I need help urgently","The return was delivered, but no refund yet. and I need help urgently",Refunds,Low,"Return deliver hoyeche, kintu ekhono refund pai ni. ebong amar urgent help dorkar"
Duplicate orders were placed by mistake and I can't cancel. despite following all instructions,Duplicate orders were placed by mistake and I can't cancel. despite following all instructions,Order Issues,Medium,Bhul kore duplicate order hoye geche ebong ami cancel korte parchi na. shob instruction follow korar poro o
This isn't what I ordered — it’s the wrong model. and I don't know what to do next,This isn't what I ordered - it's the wrong model. and I don't know what to do next,Product Issues,Immediate,Eta sheta na ja ami order korechilam - eta bhul model. ebong ami jani na tarpor ki korbo
I can’t add a new address — button does nothing. please fix this ASAP,I can't add a new address - button does nothing. please fix this ASAP,Account & Shipping,Low,Ami new address add korte parchi na - button kichu korche na. please eta taratari fix korun
There are defects in the stitching of this garment. please fix this ASAP,There are defects in the stitching of this garment. please fix this ASAP,Product Issues,High,Ei garment er shelaye defect ache. please eta taratari fix korun
The courier lost my order — I need a replacement ASAP. despite following all instructions,The courier lost my order - I need a replacement ASAP. despite following all instructions,Order Tracking,Immediate,Courier amar order hariye feleche - amar ekta replacement dorkar ASAP. shob instruction follow korar poro o
"The box arrived empty, just packing materials. please fix this ASAP","The box arrived empty, just packing materials. please fix this ASAP",Order Issues,Immediate,"Box khali esheche, shudhu packing materials chilo. please eta taratari fix korun"
There are defects in the stitching of this garment. and I don't know what to do next,There are defects in the stitching of this garment. and I don't know what to do next,Product Issues,Medium,Ei garment er shelaye defect ache. ebong ami jani na tarpor ki korbo
Used Apple Pay — no order confirmation received. please fix this ASAP,Used Apple Pay - no order confirmation received. please fix this ASAP,Payments,Medium,Apple Pay use korechi - kono order confirmation pai ni. please eta taratari fix korun
The courier lost my order — I need a replacement ASAP. please fix this ASAP,The courier lost my order - I need a replacement ASAP. please fix this ASAP,Order Tracking,High,Courier amar order hariye feleche - amar ekta replacement dorkar ASAP. please eta taratari fix korun
The discount code I got by email doesn’t work on any items. and I don't know what to do next,The discount code I got by email doesn't work on any items. and I don't know what to do next,Promotions,High,Email e paoa discount code konta tei kaj korche na. ebong ami jani na tarpor ki korbo
"I used a valid code and it applied, but was later removed. and I don't know what to do next","I used a valid code and it applied, but was later removed. and I don't know what to do next",Promotions,Low,"Ami ekta valid code use korechilam ebong sheta apply o hoyechilo, kintu pore remove kore dewa hoyeche. ebong ami jani na tarpor ki korbo"
"The box arrived empty, just packing materials. even after multiple attempts","The box arrived empty, just packing materials. even after multiple attempts",Order Issues,High,"Box khali esheche, shudhu packing materials chilo. onek bar chesta korar poro"
There are defects in the stitching of this garment. even after multiple attempts,There are defects in the stitching of this garment. even after multiple attempts,Product Issues,High,Ei garment er shelaye defect ache. onek bar chesta korar poro
You promised a refund 10 days ago — still nothing in my account. — this is very frustrating,You promised a refund 10 days ago - still nothing in my account. - this is very frustrating,Refunds,Medium,Apni 10 din age refund er promise korechilen - ekhono amar account e kichu asni. - eta khub e frustrating
"Tracking says delivered, but nothing is at my door. despite following all instructions","Tracking says delivered, but nothing is at my door. despite following all instructions",Order Tracking,High,"Tracking e delivered dekhacche, kintu amar dorjar shamne kichu nei. shob instruction follow korar poro o"
App is extremely slow today. despite following all instructions,App is extremely slow today. despite following all instructions,Technical Issues,High,App ajke khub e slow. shob instruction follow korar poro o
Duplicate orders were placed by mistake and I can't cancel. even after multiple attempts,Duplicate orders were placed by mistake and I can't cancel. even after multiple attempts,Order Issues,Immediate,Bhul kore duplicate order hoye geche ebong ami cancel korte parchi na. onek bar chesta korar poro
You sent me a tracking number that doesn’t exist. even after multiple attempts,You sent me a tracking number that doesn't exist. even after multiple attempts,Order Tracking,Medium,Apni amake ekta tracking number diyechen ja exist kore na. onek bar chesta korar poro
"Tracking says delivered, but nothing is at my door. and it's really disappointing","Tracking says delivered, but nothing is at my door. and it's really disappointing",Order Tracking,Immediate,"Tracking e delivered dekhacche, kintu amar dorjar shamne kichu nei. ebong eta khub e disappointing"
Error message keeps popping up during login. and I need help urgently,Error message keeps popping up during login. and I need help urgently,Technical Issues,High,Login er shomoy bar bar error message ashche. ebong amar urgent help dorkar
You refunded the wrong amount. even after multiple attempts,You refunded the wrong amount. even after multiple attempts,Refunds,Medium,Apni bhul amount refund korechen. onek bar chesta korar poro
Everything came except the most expensive item I paid for. please fix this ASAP,Everything came except the most expensive item I paid for. please fix this ASAP,Order Issues,Medium,Shob kichu esheche shudhu shobche expensive jinish ta chara ja er jonno ami pay korechilam. please eta taratari fix korun
My order shows 'fulfilled' but I never received it. please fix this ASAP,My order shows 'fulfilled' but I never received it. please fix this ASAP,Order Issues,High,Amar order e 'fulfilled' dekhacche kintu ami kkhono pai ni. please eta taratari fix korun
The app froze during checkout and now my cart is empty. despite following all instructions,The app froze during checkout and now my cart is empty. despite following all instructions,Technical Issues,High,Checkout er shomoy app freeze hoye geche ebong ekhon amar cart khali. shob instruction follow korar poro o
Billing and shipping addresses keep getting swapped. please fix this ASAP,Billing and shipping addresses keep getting swapped. please fix this ASAP,Account & Shipping,High,Billing ebong shipping address bar bar change hoye jacche. please eta taratari fix korun
"The box arrived empty, just packing materials. and I need help urgently","The box arrived empty, just packing materials. and I need help urgently",Order Issues,High,"Box ta khali asheche, shudhu packing materials chilo. Ar amar urgent help dorkar"
It has a foul odor like chemicals. even after multiple attempts,It has a foul odor like chemicals. even after multiple attempts,Product Issues,High,Ete chemical er moto ekta kharap smell ashtese. Onek bar chesta korar por o
I didn’t approve this transaction. despite following all instructions,I didn't approve this transaction. despite following all instructions,Payments,Low,Ami ei transaction approve kori nai. Shob instruction follow korar por o
Billing and shipping addresses keep getting swapped. which is unacceptable,Billing and shipping addresses keep getting swapped. which is unacceptable,Account & Shipping,High,Billing ar shipping address bar bar change hoye jacche. Jeta unaccepted
My tracking shows 'label created' for 5 days with no movement. — this is very frustrating,My tracking shows 'label created' for 5 days with no movement. - this is very frustrating,Order Tracking,Immediate,Amar tracking e 5 din dhore 'label created' dekhacche kono movement chara. - eta khub frustrating
It says 'Buy 1 Get 1 Free' but I was charged for both items. and it's really disappointing,It says 'Buy 1 Get 1 Free' but I was charged for both items. and it's really disappointing,Promotions,Medium,Ete 'Buy 1 Get 1 Free' lekha kintu amake dui ta item er i dam rakha hoise. Ar eta shottii disappointing
I can’t change my shipping method after ordering. even after multiple attempts,I can't change my shipping method after ordering. even after multiple attempts,Account & Shipping,Immediate,Order korar por ami amar shipping method change korte parchi na. Onek bar chesta korar por o
The zipper broke the first time I used the bag. and I don't know what to do next,The zipper broke the first time I used the bag. and I don't know what to do next,Product Issues,Low,Bag ta first time use korar shomoy i zipper ta bhenge geche. Ar ami bujhte parchi na ki korbo
The discount code I got by email doesn’t work on any items. and it's really disappointing,The discount code I got by email doesn't work on any items. and it's really disappointing,Promotions,Medium,Email e je discount code peyechi sheta kono item e kaj korche na. Ar eta shottii disappointing
Search results don’t load anything anymore. despite following all instructions,Search results don't load anything anymore. despite following all instructions,Technical Issues,Immediate,Search results e r kichu load hocche na. Shob instruction follow korar por o
"Referral code said $10 off, but it did nothing. which is unacceptable","Referral code said $10 off, but it did nothing. which is unacceptable",Promotions,High,"Referral code e $10 off bola chilo, kintu eta kichui korlo na. Jeta unaccepted"
I received store credit instead of a cash refund I requested. please fix this ASAP,I received store credit instead of a cash refund I requested. please fix this ASAP,Refunds,High,Ami je cash refund cheyechilam tar bodole store credit peyechi. kindly eta taratari fix korun
I want a refund but there's no option in the return menu. which is unacceptable,I want a refund but there's no option in the return menu. which is unacceptable,Refunds,High,Ami refund chai kintu return menu te kono option nai. Jeta unaccepted
I didn’t approve this transaction. and there's no explanation anywhere,I didn't approve this transaction. and there's no explanation anywhere,Payments,Immediate,Ami ei transaction approve kori nai. Ar kothao kono explanation nai
Wrong items delivered — not even close to what I ordered. and I need help urgently,Wrong items delivered - not even close to what I ordered. and I need help urgently,Order Issues,Low,Vul item delivery dise - ami ja order korechilam tar kachakachi o na. Ar amar urgent help dorkar
It shipped to the wrong apartment. and there's no explanation anywhere,It shipped to the wrong apartment. and there's no explanation anywhere,Account & Shipping,Immediate,Eta vul apartment e ship hoye geche. Ar kothao kono explanation nai
Instructions were unclear and impossible to follow. which is unacceptable,Instructions were unclear and impossible to follow. which is unacceptable,Product Issues,Low,Instructions gulo unclear chilo ar follow kora impossible chilo. Jeta unaccepted
I updated my address but order still went to the old one. and I need help urgently,I updated my address but order still went to the old one. and I need help urgently,Account & Shipping,Medium,Ami address update korechi kintu order tokhono puraton tai chole geche. Ar amar urgent help dorkar
I want a refund but there's no option in the return menu. and I need help urgently,I want a refund but there's no option in the return menu. and I need help urgently,Refunds,Medium,Ami refund chai kintu return menu te kono option nai. Ar amar urgent help dorkar
Shipping info shows a state I don’t live in. which is unacceptable,Shipping info shows a state I don't live in. which is unacceptable,Account & Shipping,Immediate,Shipping info te emon ekta state dekhacche jekhane ami thaki na. Jeta unaccepted
Missing accessories from the package.,Missing accessories from the package.,Product Issues,Immediate,Package theke accessories missing chilo.
The courier lost my order — I need a replacement ASAP. and it's really disappointing,The courier lost my order - I need a replacement ASAP. and it's really disappointing,Order Tracking,Medium,Courier amar order ta harie feleche - amar ekta replacement ASAP dorkar. Ar eta shottii disappointing
I never got tracking info in the first place. despite following all instructions,I never got tracking info in the first place. despite following all instructions,Order Tracking,Low,Ami shurutei kono tracking info pai nai. Shob instruction follow korar por o
Still waiting for confirmation that my refund is being processed. which is unacceptable,Still waiting for confirmation that my refund is being processed. which is unacceptable,Refunds,Medium,Amar refund process hocche kina shetar confirmation er jonno wait korchi. Jeta unaccepted
Used Apple Pay — no order confirmation received. and I don't know what to do next,Used Apple Pay - no order confirmation received. and I don't know what to do next,Payments,Immediate,Apple Pay use korechilam - kono order confirmation pai nai. Ar ami bujhte parchi na ki korbo
My loyalty points are missing even after multiple purchases. and there's no explanation anywhere,My loyalty points are missing even after multiple purchases. and there's no explanation anywhere,Promotions,Low,Onek bar purchase korar por o amar loyalty points missing. Ar kothao kono explanation nai
"Tracking says delivered, but nothing is at my door. — this is very frustrating","Tracking says delivered, but nothing is at my door. - this is very frustrating",Order Tracking,Immediate,"Tracking e delivered dekhacche, kintu amar dorjar shamne kichu nai. - eta khub frustrating"
Your support team said I’d get refunded — it's been a week. which is unacceptable,Your support team said I'd get refunded - it's been a week. which is unacceptable,Refunds,Immediate,Apnader support team bolechilo ami refund pabo - ek shoptaho hoye geche. Jeta unaccepted
Only part of my order arrived — the rest is missing. and it's really disappointing,Only part of my order arrived - the rest is missing. and it's really disappointing,Order Issues,Medium,Amar order er shudhu ekta part asheche - baki shob missing. Ar eta shottii disappointing
Duplicate orders were placed by mistake and I can't cancel. please fix this ASAP,Duplicate orders were placed by mistake and I can't cancel. please fix this ASAP,Order Issues,Immediate,Vulboshoto duplicate order hoye geche ar ami cancel korte parchi na. kindly eta taratari fix korun
Can’t apply filters while browsing products. even after multiple attempts,Can't apply filters while browsing products. even after multiple attempts,Technical Issues,High,Products browse korar shomoy filters apply korte parchi na. Onek bar chesta korar por o
Flash sale prices aren’t reflected during checkout. please fix this ASAP,Flash sale prices aren't reflected during checkout. please fix this ASAP,Promotions,Immediate,Checkout er shomoy flash sale prices reflect korche na. kindly eta taratari fix korun
"Bank says payment went through, you say it didn’t. and I need help urgently","Bank says payment went through, you say it didn't. and I need help urgently",Payments,Low,"Bank bolche payment hoye geche, apnara bolchen hoyni. Ar amar urgent help dorkar"
"Referral code said $10 off, but it did nothing. and there's no explanation anywhere","Referral code said $10 off, but it did nothing. and there's no explanation anywhere",Promotions,Immediate,"Referral code e $10 off bola chilo, kintu eta kichui korlo na. Ar kothao kono explanation nai"
Wrong items delivered — not even close to what I ordered. please fix this ASAP,Wrong items delivered - not even close to what I ordered. please fix this ASAP,Order Issues,High,Vul item delivery dise - ami ja order korechilam tar kachakachi o na. kindly eta taratari fix korun
Your support team said I’d get refunded — it's been a week. and it's really disappointing,Your support team said I'd get refunded - it's been a week. and it's really disappointing,Refunds,Low,Apnader support team bolechilo ami refund pabo - ek shoptaho hoye geche. Ar eta shottii disappointing
Shipping info shows a state I don’t live in. — this is very frustrating,Shipping info shows a state I don't live in. - this is very frustrating,Account & Shipping,Medium,Shipping info te emon ekta state dekhacche jekhane ami thaki na. - eta khub frustrating
Missing accessories from the package. and it's really disappointing,Missing accessories from the package. and it's really disappointing,Product Issues,Immediate,Package theke accessories missing chilo. Ar eta shottii disappointing
Flash sale prices aren’t reflected during checkout. and I don't know what to do next,Flash sale prices aren't reflected during checkout. and I don't know what to do next,Promotions,Medium,Checkout er shomoy flash sale prices reflect korche na. Ar ami bujhte parchi na ki korbo
I was charged twice for the same item. and I don't know what to do next,I was charged twice for the same item. and I don't know what to do next,Payments,Low,Ek i item er jonno amake dui bar charge kora hoise. Ar ami bujhte parchi na ki korbo
App is extremely slow today. even after multiple attempts,App is extremely slow today. even after multiple attempts,Technical Issues,Low,App ajke khub slow. Onek bar chesta korar por o
One side of the headphones doesn't work. despite following all instructions,One side of the headphones doesn't work. despite following all instructions,Product Issues,High,Headphones er ek side kaj korche na. Shob instruction follow korar por o
"Referral code said $10 off, but it did nothing. — this is very frustrating","Referral code said $10 off, but it did nothing. - this is very frustrating",Promotions,Immediate,"Referral code e $10 off bola chilo, kintu eta kichui korlo na. - eta khub frustrating"
Transaction failed but my card got debited anyway. please fix this ASAP,Transaction failed but my card got debited anyway. please fix this ASAP,Payments,Immediate,Transaction fail hoise kintu tarpor o amar card theke taka kete niyeche. kindly eta taratari fix korun
The app froze during checkout and now my cart is empty. and I need help urgently,The app froze during checkout and now my cart is empty. and I need help urgently,Technical Issues,Low,Checkout er shomoy app freeze hoye geche ar ekhon amar cart khali. Ar amar urgent help dorkar
Wrong items delivered — not even close to what I ordered. and it's really disappointing,Wrong items delivered - not even close to what I ordered. and it's really disappointing,Order Issues,Immediate,Vul item delivery dise - ami ja order korechilam tar kachakachi o na. Ar eta shottii disappointing
It looks like a returned item — packaging was already opened. even after multiple attempts,It looks like a returned item - packaging was already opened. even after multiple attempts,Product Issues,Medium,Dekhte mone hocche return kora item - packaging age thekei open chilo. Onek bar chesta korar por o
Can’t reset my password — reset link doesn’t work. please fix this ASAP,Can't reset my password - reset link doesn't work. please fix this ASAP,Account & Shipping,Low,Password reset korte parchi na - reset link kaj korche na. kindly eta taratari fix korun
My order shows 'fulfilled' but I never received it. even after multiple attempts,My order shows 'fulfilled' but I never received it. even after multiple attempts,Order Issues,High,Amar order e 'fulfilled' dekhacche kintu ami ekhono pai nai. Onek bar chesta korar por o
"The box arrived empty, just packing materials. and I don't know what to do next","The box arrived empty, just packing materials. and I don't know what to do next",Order Issues,Immediate,"Box ta khali asheche, shudhu packing materials chilo. Ar ami bujhte parchi na ki korbo"
There’s a mystery fee added to my final bill. even after multiple attempts,There's a mystery fee added to my final bill. even after multiple attempts,Payments,Low,"Amar final bill er shathe ekta mystery fee add hoyeche, onek bar chesta korar poro."
There’s a mystery fee added to my final bill. and it's really disappointing,There's a mystery fee added to my final bill. and it's really disappointing,Payments,Medium,"Amar final bill er shathe ekta mystery fee add hoyeche, ebong eta shotyii onek disappointing."
The item arrived broken and unusable. — this is very frustrating,The item arrived broken and unusable. - this is very frustrating,Product Issues,Immediate,Product ta broken ebong unusable obosthay esheche - eta khuboi frustrating.
I received store credit instead of a cash refund I requested. which is unacceptable,I received store credit instead of a cash refund I requested. which is unacceptable,Refunds,High,"Ami je cash refund cheyechilam, tar bodole store credit peyechi, eta kono vabei accept korar moto na."
Only part of my order arrived — the rest is missing. — this is very frustrating,Only part of my order arrived - the rest is missing. - this is very frustrating,Order Issues,Immediate,Amar order er shudhu kichu ongsho esheche - baki shob missing - eta khuboi frustrating.
It looks like a returned item — packaging was already opened. despite following all instructions,It looks like a returned item - packaging was already opened. despite following all instructions,Product Issues,Immediate,"dekhte mone hocche eta ekta returned item - packaging agei open kora chilo, shob instruction follow korar poro."
I paid for express delivery and it’s still not shipped. and it's really disappointing,I paid for express delivery and it's still not shipped. and it's really disappointing,Order Tracking,Low,"Ami express delivery er jonno pay korechi kintu ekhono ship kora hoyni, ebong eta shotyii onek disappointing."
My tracking shows 'label created' for 5 days with no movement. even after multiple attempts,My tracking shows 'label created' for 5 days with no movement. even after multiple attempts,Order Tracking,Medium,"Amar tracking e 5 din dhore 'label created' dekhasche kono movement chara, onek bar chesta korar poro."
I can’t change my shipping method after ordering. and it's really disappointing,I can't change my shipping method after ordering. and it's really disappointing,Account & Shipping,Immediate,"Order korar por ami amar shipping method change korte parchi na, ebong eta shotyii onek disappointing."
It keeps saying my email is invalid. — this is very frustrating,It keeps saying my email is invalid. - this is very frustrating,Account & Shipping,Low,Bar bar bolche amar email invalid - eta khuboi frustrating.
I clicked on a 15% off ad and it vanished at checkout. — this is very frustrating,I clicked on a 15% off ad and it vanished at checkout. - this is very frustrating,Promotions,Immediate,Ami ekta 15% off er ad e click korechilam kintu checkout er shomoy seta chole geche - eta khuboi frustrating.
Why was one of my items refunded without asking? and it's really disappointing,Why was one of my items refunded without asking? and it's really disappointing,Order Issues,Immediate,Kono jiggesh na korei amar ekta item keno refund kora holo? ebong eta shotyii onek disappointing.
I got charged but no confirmation email came through. and I don't know what to do next,I got charged but no confirmation email came through. and I don't know what to do next,Order Issues,Low,"Amar theke taka kete niyeche kintu kono confirmation email asheni, ebong ami bujhchi na ekhon ki korbo."
The colors in the product photos are completely misleading. please fix this ASAP,The colors in the product photos are completely misleading. please fix this ASAP,Product Issues,Immediate,Product photo te rong gulo puro misleading - kindly eta taratari fix korun.
Everything came except the most expensive item I paid for. and it's really disappointing,Everything came except the most expensive item I paid for. and it's really disappointing,Order Issues,Medium,"Shob kichu esheche shudhu shobcheye dami item ta chara jeta ami pay korechilam, ebong eta shotyii onek disappointing."
I updated my address but order still went to the old one. — this is very frustrating,I updated my address but order still went to the old one. - this is very frustrating,Account & Shipping,High,Ami address update korechilam kintu order tokhono puraton addressেই chole geche - eta khuboi frustrating.
Search results don’t load anything anymore. and it's really disappointing,Search results don't load anything anymore. and it's really disappointing,Technical Issues,Medium,"Search result e ar kichui load hocche na, ebong eta shotyii onek disappointing."
Everything came except the most expensive item I paid for. and there's no explanation anywhere,Everything came except the most expensive item I paid for. and there's no explanation anywhere,Order Issues,High,"Shob kichu esheche shudhu shobcheye dami item ta chara jeta ami pay korechilam, ebong kothao kono explanation nei."
The discount code I got by email doesn’t work on any items. despite following all instructions,The discount code I got by email doesn't work on any items. despite following all instructions,Promotions,Low,"Ami email e je discount code peyechilam seta kono item e kaj korche na, shob instruction follow korar poro."
My order shows 'fulfilled' but I never received it. which is unacceptable,My order shows 'fulfilled' but I never received it. which is unacceptable,Order Issues,Medium,"Amar order e 'fulfilled' dekhasche kintu ami ekhono pai ni, eta kono vabei accept korar moto na."
The site accepted my payment but shows no order. despite following all instructions,The site accepted my payment but shows no order. despite following all instructions,Payments,Low,"Site amar payment accept koreche kintu kono order dekhasche na, shob instruction follow korar poro."
I didn’t approve this transaction. which is unacceptable,I didn't approve this transaction. which is unacceptable,Payments,Low,"Ami ei transaction ta approve korini, eta kono vabei accept korar moto na."
Your system rejected my student discount for no reason. and I need help urgently,Your system rejected my student discount for no reason. and I need help urgently,Promotions,Low,"Apnader system kono karon chara amar student discount reject koreche, ebong amar khub joruri sahajjo lagbe."
Can’t reset my password — reset link doesn’t work. even after multiple attempts,Can't reset my password - reset link doesn't work. even after multiple attempts,Account & Shipping,Low,"Password reset korte parchi na - reset link kaj korche na, onek bar chesta korar poro."
Why was a restocking fee deducted from my refund? and I need help urgently,Why was a restocking fee deducted from my refund? and I need help urgently,Refunds,High,Amar refund theke restocking fee keno kete rakha holo? ebong amar khub joruri sahajjo lagbe.
The site accepted my payment but shows no order. and there's no explanation anywhere,The site accepted my payment but shows no order. and there's no explanation anywhere,Payments,Immediate,"Site amar payment accept koreche kintu kono order dekhasche na, ebong kothao kono explanation nei."
The zipper broke the first time I used the bag. despite following all instructions,The zipper broke the first time I used the bag. despite following all instructions,Product Issues,High,"Bag ta prothom bar use korar shomoyi zipper ta bhenge geche, shob instruction follow korar poro."
"I used a valid code and it applied, but was later removed. despite following all instructions","I used a valid code and it applied, but was later removed. despite following all instructions",Promotions,High,"Ami ekta valid code use korechilam ebong seta applyo hoyechilo, kintu pore remove kore dewa hoyeche, shob instruction follow korar poro."
My tracking shows 'label created' for 5 days with no movement. and it's really disappointing,My tracking shows 'label created' for 5 days with no movement. and it's really disappointing,Order Tracking,Immediate,"Amar tracking e 5 din dhore 'label created' dekhasche kono movement chara, ebong eta shotyii onek disappointing."
The shipping company marked it as delivered to the wrong city. even after multiple attempts,The shipping company marked it as delivered to the wrong city. even after multiple attempts,Order Tracking,High,"Shipping company vul city te delivery dekhieche, onek bar chesta korar poro."
One side of the headphones doesn't work. and I don't know what to do next,One side of the headphones doesn't work. and I don't know what to do next,Product Issues,High,"Headphones er ek pasher ta kaj korche na, ebong ami bujhchi na ekhon ki korbo."
I returned everything and only got a partial refund. despite following all instructions,I returned everything and only got a partial refund. despite following all instructions,Refunds,Low,"Ami shob return korechilam kintu partial refund peyechi, shob instruction follow korar poro."
This isn't what I ordered — it’s the wrong model. despite following all instructions,This isn't what I ordered - it's the wrong model. despite following all instructions,Product Issues,Medium,"Eta ami order korini - eta vul model, shob instruction follow korar poro."
I paid for express delivery and it’s still not shipped. which is unacceptable,I paid for express delivery and it's still not shipped. which is unacceptable,Order Tracking,Low,"Ami express delivery er jonno pay korechi kintu ekhono ship kora hoyni, eta kono vabei accept korar moto na."
It has a foul odor like chemicals. and I don't know what to do next,It has a foul odor like chemicals. and I don't know what to do next,Product Issues,High,"Kemon jeno chemical er moto durgondho ber hocche, ebong ami bujhchi na ekhon ki korbo."
I never received the promised sign-up bonus. despite following all instructions,I never received the promised sign-up bonus. despite following all instructions,Promotions,Low,"Ami proshrutiboddho sign-up bonus ta kakhono pai ni, shob instruction follow korar poro."
The shipping company marked it as delivered to the wrong city. and I don't know what to do next,The shipping company marked it as delivered to the wrong city. and I don't know what to do next,Order Tracking,High,"Shipping company vul city te delivery dekhieche, ebong ami bujhchi na ekhon ki korbo."
"You're advertising free shipping, but I'm being charged for it. and I need help urgently","You're advertising free shipping, but I'm being charged for it. and I need help urgently",Promotions,Low,"Apnara free shipping er ad dicchen, kintu amar theke charge kora hocche, ebong amar khub joruri sahajjo lagbe."
Package was rerouted without telling me. which is unacceptable,Package was rerouted without telling me. which is unacceptable,Order Tracking,Low,"Amake na janiyei package rerouted kora hoyeche, eta kono vabei accept korar moto na."
Why was one of my items refunded without asking? — this is very frustrating,Why was one of my items refunded without asking? - this is very frustrating,Order Issues,Medium,Kono jiggesh na korei amar ekta item keno refund kora holo? - eta khuboi frustrating.
Your system rejected my student discount for no reason. despite following all instructions,Your system rejected my student discount for no reason. despite following all instructions,Promotions,Low,"Apnader system kono karon chara amar student discount reject koreche, shob instruction follow korar poro."
"The return was delivered, but no refund yet. and it's really disappointing","The return was delivered, but no refund yet. and it's really disappointing",Refunds,High,"Return ta deliver hoyeche, kintu ekhono refund paini, ebong eta shotyii onek disappointing."
Can’t apply filters while browsing products.,Can't apply filters while browsing products.,Technical Issues,Low,Products browse korar shomoy filters apply korte parchi na.
I never got tracking info in the first place. which is unacceptable,I never got tracking info in the first place. which is unacceptable,Order Tracking,Immediate,"Ami shuru tei kono tracking info paini, eta kono vabei accept korar moto na."
I never got tracking info in the first place.,I never got tracking info in the first place.,Order Tracking,Medium,Ami shuru tei kono tracking info paini.
Why do I need to re-verify my ID again? — this is very frustrating,Why do I need to re-verify my ID again? - this is very frustrating,Account & Shipping,Immediate,Amake abar keno amar ID re-verify korte hocche? - eta khuboi frustrating.
It has a foul odor like chemicals. despite following all instructions,It has a foul odor like chemicals. despite following all instructions,Product Issues,High,"Kemon jeno chemical er moto durgondho ber hocche, shob instruction follow korar poro."
It has a foul odor like chemicals. and there's no explanation anywhere,It has a foul odor like chemicals. and there's no explanation anywhere,Product Issues,Low,"Kemon jeno chemical er moto durgondho ber hocche, ebong kothao kono explanation nei."
"The box arrived empty, just packing materials. which is unacceptable","The box arrived empty, just packing materials. which is unacceptable",Order Issues,Medium,"Box ta faka esheche, shudhu packing materials chilo, eta kono vabei accept korar moto na."
I received store credit instead of a cash refund I requested. and there's no explanation anywhere,I received store credit instead of a cash refund I requested. and there's no explanation anywhere,Refunds,Immediate,"Ami je cash refund cheyechilam, tar bodole store credit peyechi, ebong kothao kono explanation nei."
Error message keeps popping up during login. and there's no explanation anywhere,Error message keeps popping up during login. and there's no explanation anywhere,Technical Issues,Immediate,Login er shomoy bar bar error message ashtese. ar kothao kono explanation nei
Instructions were unclear and impossible to follow.,Instructions were unclear and impossible to follow.,Product Issues,Low,Instructions guloclear chilo na ebong follow kora impossible chilo.
There are defects in the stitching of this garment. and there's no explanation anywhere,There are defects in the stitching of this garment. and there's no explanation anywhere,Product Issues,Immediate,Ei garment er stitching e defects ache. ar kothao kono explanation nei
"The return was delivered, but no refund yet. — this is very frustrating","The return was delivered, but no refund yet. - this is very frustrating",Refunds,Low,"Return deliver hoyeche, kintu ekhono refund paini. - eta khub e frustrating"
System declined my payment without any reason. and I need help urgently,System declined my payment without any reason. and I need help urgently,Payments,Immediate,System kono karon chara amar payment decline koreche. ar amar urgently help dorkar
Site logs me out randomly. despite following all instructions,Site logs me out randomly. despite following all instructions,Technical Issues,High,Site random vave amake log out kore dicche. shob instructions follow korar poro
The item arrived broken and unusable. despite following all instructions,The item arrived broken and unusable. despite following all instructions,Product Issues,High,Item ta broken ebong unusable obosthay esheche. shob instructions follow korar poro
I clicked on a 15% off ad and it vanished at checkout. and I need help urgently,I clicked on a 15% off ad and it vanished at checkout. and I need help urgently,Promotions,Immediate,Ami ekta 15% off er ad e click korechilam ebong checkout er shomoy seta gayeb hoye gelo. ar amar urgently help dorkar
Missing accessories from the package. and there's no explanation anywhere,Missing accessories from the package. and there's no explanation anywhere,Product Issues,Low,Package theke accessories missing chilo. ar kothao kono explanation nei
The zipper broke the first time I used the bag. even after multiple attempts,The zipper broke the first time I used the bag. even after multiple attempts,Product Issues,Medium,Bag ta prothom bar use korar shomoy e zipper ta bhenge geche. multiple attempts korar poro
The site accepted my payment but shows no order. — this is very frustrating,The site accepted my payment but shows no order. - this is very frustrating,Payments,Low,Site amar payment accept koreche kintu kono order dekachhe na. - eta khub e frustrating
Error message keeps popping up during login. which is unacceptable,Error message keeps popping up during login. which is unacceptable,Technical Issues,Low,Login er shomoy bar bar error message ashtese. ja completely unacceptable
Can’t apply filters while browsing products. — this is very frustrating,Can't apply filters while browsing products. - this is very frustrating,Technical Issues,Low,Products browse korar shomoy filters apply korte parchi na. - eta khub e frustrating
My entire order was canceled without explanation. and I don't know what to do next,My entire order was canceled without explanation. and I don't know what to do next,Order Issues,Immediate,Kono explanation chara amar pura order cancel kore dewa hoyeche. ar ami bujhte parchi na ki korbo
The zipper broke the first time I used the bag. and I need help urgently,The zipper broke the first time I used the bag. and I need help urgently,Product Issues,Medium,Bag ta prothom bar use korar shomoy e zipper ta bhenge geche. ar amar urgently help dorkar
I returned everything and only got a partial refund. please fix this ASAP,I returned everything and only got a partial refund. please fix this ASAP,Refunds,Medium,Ami shob kichu return korechi kintu shudhu partial refund peyechi. kindly eta fix korun ASAP
Items in the box were clearly tossed around and damaged. and it's really disappointing,Items in the box were clearly tossed around and damaged. and it's really disappointing,Order Issues,Low,Box er vitorer items gulo clearly tossed around chilo ebong damaged chilo. ar eta sottii disappointing
"You're advertising free shipping, but I'm being charged for it. which is unacceptable","You're advertising free shipping, but I'm being charged for it. which is unacceptable",Promotions,Low,"Apnara free shipping advertise korchen, kintu amar theke charge kata hocche. ja completely unacceptable"
Can’t apply filters while browsing products. please fix this ASAP,Can't apply filters while browsing products. please fix this ASAP,Technical Issues,High,Products browse korar shomoy filters apply korte parchi na. kindly eta fix korun ASAP
Website crashes every time I add to cart. and I need help urgently,Website crashes every time I add to cart. and I need help urgently,Technical Issues,Medium,Prottek bar cart e add korar shomoy website crash kore. ar amar urgently help dorkar
Items in the box were clearly tossed around and damaged.,Items in the box were clearly tossed around and damaged.,Order Issues,Medium,Box er vitorer items gulo clearly tossed around chilo ebong damaged chilo.
It keeps saying my email is invalid. despite following all instructions,It keeps saying my email is invalid. despite following all instructions,Account & Shipping,High,Bar bar boltese amar email invalid. shob instructions follow korar poro
I returned everything and only got a partial refund. and I need help urgently,I returned everything and only got a partial refund. and I need help urgently,Refunds,Medium,Ami shob kichu return korechi kintu shudhu partial refund peyechi. ar amar urgently help dorkar
There’s a mystery fee added to my final bill. and I need help urgently,There's a mystery fee added to my final bill. and I need help urgently,Payments,Immediate,Amar final bill er shathe ekta mystery fee add hoyeche. ar amar urgently help dorkar
Site logs me out randomly. even after multiple attempts,Site logs me out randomly. even after multiple attempts,Technical Issues,High,Site random vave amake log out kore dicche. multiple attempts korar poro
I never got tracking info in the first place. and it's really disappointing,I never got tracking info in the first place. and it's really disappointing,Order Tracking,High,Ami shuru tei kono tracking info paini. ar eta sottii disappointing
You promised a refund 10 days ago — still nothing in my account. and it's really disappointing,You promised a refund 10 days ago - still nothing in my account. and it's really disappointing,Refunds,High,Apnara 10 din age refund er promise korechilen - ekhono amar account e kichu asheni. ar eta sottii disappointing
Search results don’t load anything anymore.,Search results don't load anything anymore.,Technical Issues,High,Search results e ar kichu load hoy na.
"I used a valid code and it applied, but was later removed. even after multiple attempts","I used a valid code and it applied, but was later removed. even after multiple attempts",Promotions,Low,"Ami ekta valid code use korechilam ebong seta applyo hoyechilo, kintu pore remove kore dewa hoyeche. multiple attempts korar poro"
My entire order was canceled without explanation. please fix this ASAP,My entire order was canceled without explanation. please fix this ASAP,Order Issues,Low,Kono explanation chara amar pura order cancel kore dewa hoyeche. kindly eta fix korun ASAP
I can’t change my shipping method after ordering. and there's no explanation anywhere,I can't change my shipping method after ordering. and there's no explanation anywhere,Account & Shipping,Immediate,Order korar por ami amar shipping method change korte parchi na. ar kothao kono explanation nei
Site logs me out randomly. and I need help urgently,Site logs me out randomly. and I need help urgently,Technical Issues,High,Site random vave amake log out kore dicche. ar amar urgently help dorkar
Account suddenly locked for no reason. and I don't know what to do next,Account suddenly locked for no reason. and I don't know what to do next,Account & Shipping,High,Kono karon chara account sudden lock hoye geche. ar ami bujhte parchi na ki korbo
Checkout button is unresponsive.,Checkout button is unresponsive.,Technical Issues,Medium,Checkout button kaj korche na.
Account suddenly locked for no reason. which is unacceptable,Account suddenly locked for no reason. which is unacceptable,Account & Shipping,High,Kono karon chara account sudden lock hoye geche. ja completely unacceptable
Only part of my order arrived — the rest is missing. which is unacceptable,Only part of my order arrived - the rest is missing. which is unacceptable,Order Issues,High,Amar order er shudhu ekta part esheche - baki shob missing. ja completely unacceptable
"The box arrived empty, just packing materials. and it's really disappointing","The box arrived empty, just packing materials. and it's really disappointing",Order Issues,Medium,"Box ta khali esheche, shudhu packing materials chilo. ar eta sottii disappointing"
You refunded the wrong amount. despite following all instructions,You refunded the wrong amount. despite following all instructions,Refunds,Immediate,Apnara bhul amount refund korechen. shob instructions follow korar poro
My tracking shows 'label created' for 5 days with no movement. and there's no explanation anywhere,My tracking shows 'label created' for 5 days with no movement. and there's no explanation anywhere,Order Tracking,Medium,Amar tracking e 5 din dhore 'label created' dekachhe kono movement nei. ar kothao kono explanation nei
My entire order was canceled without explanation. and it's really disappointing,My entire order was canceled without explanation. and it's really disappointing,Order Issues,Low,Kono explanation chara amar pura order cancel kore dewa hoyeche. ar eta sottii disappointing
Account suddenly locked for no reason. please fix this ASAP,Account suddenly locked for no reason. please fix this ASAP,Account & Shipping,High,Kono karon chara account sudden lock hoye geche. kindly eta fix korun ASAP
I never received the promised sign-up bonus. please fix this ASAP,I never received the promised sign-up bonus. please fix this ASAP,Promotions,Medium,Ami promised sign-up bonus ta kakhono paini. kindly eta fix korun ASAP
I can’t add a new address — button does nothing. — this is very frustrating,I can't add a new address - button does nothing. - this is very frustrating,Account & Shipping,Low,Ami kono new address add korte parchi na - button e click korle kichu hoy na. - eta khub e frustrating
Error message keeps popping up during login. — this is very frustrating,Error message keeps popping up during login. - this is very frustrating,Technical Issues,Immediate,Login er shomoy bar bar error message ashtese. - eta khub e frustrating
Can’t apply filters while browsing products. and I don't know what to do next,Can't apply filters while browsing products. and I don't know what to do next,Technical Issues,Medium,Products browse korar shomoy filters apply korte parchi na. ar ami bujhte parchi na ki korbo
I didn’t approve this transaction. please fix this ASAP,I didn't approve this transaction. please fix this ASAP,Payments,Medium,Ami ei transaction approve korini. kindly eta fix korun ASAP
I was charged twice for the same item. despite following all instructions,I was charged twice for the same item. despite following all instructions,Payments,Immediate,Ek-i item er jonno amake duibar charge kora hoyeche. shob instructions follow korar poro
Can’t reset my password — reset link doesn’t work. and I don't know what to do next,Can't reset my password - reset link doesn't work. and I don't know what to do next,Account & Shipping,Immediate,Password reset korte parchi na - reset link kaj kore na. ar ami bujhte parchi na ki korbo
One side of the headphones doesn't work. please fix this ASAP,One side of the headphones doesn't work. please fix this ASAP,Product Issues,Immediate,Headphones er ek side kaj kore na. kindly eta fix korun ASAP
"I used a valid code and it applied, but was later removed. please fix this ASAP","I used a valid code and it applied, but was later removed. please fix this ASAP",Promotions,Medium,"Ami ekta valid code use korechilam ebong seta applyo hoyechilo, kintu pore remove kore dewa hoyeche. kindly eta fix korun ASAP"
Credit card charged twice for single order,Credit card charged twice for single order,Payments,Immediate,Ekti orderer jonno credit card theke du bar taka kete niyeche.
Payment declined despite sufficient funds,Payment declined despite sufficient funds,Payments,High,Jothesto balance thaka sotteo payment decline kore diyeche.
Refund processed but not received after 14 days,Refund processed but not received after 14 days,Payments,Medium,Refund process kora hoyeche kintu 14 diner modheo paini.
Bank shows pending charge but no order confirmation,Bank shows pending charge but no order confirmation,Payments,Immediate,Bank pending charge dekhaocche kintu kono order confirmation nai.
Recurring subscription charged after cancellation,Recurring subscription charged after cancellation,Payments,High,Cancellation korar poro recurring subscription er taka kete niyeche.
Currency conversion fee higher than advertised,Currency conversion fee higher than advertised,Payments,Medium,Currency conversion fee advertise korar cheye beshi rakheche.
PayPal payment failed but amount deducted from account,PayPal payment failed but amount deducted from account,Payments,Immediate,PayPal payment fail koreche kintu account theke amount kete niyeche.
Partial refund missing from credit card statement,Partial refund missing from credit card statement,Payments,Medium,Credit card statement a partial refund missing ache.
Saved payment method charged instead of new card,Saved payment method charged instead of new card,Payments,High,Notun card er bodole saved payment method theke charge koreche.
Duplicate authorization holds on debit card,Duplicate authorization holds on debit card,Payments,Immediate,Debit card er upor duplicate authorization hold hoye ache.
Checkout shows 'payment successful' but order not created,Checkout shows 'payment successful' but order not created,Payments,High,Checkout a 'payment successful' dekhaocche kintu order create hoyni.
International transaction declined without reason,International transaction declined without reason,Payments,Medium,Kono karon charai international transaction decline koreche.
Gift card balance shows zero after purchase,Gift card balance shows zero after purchase,Payments,Immediate,Purchase korar por gift card er balance zero dekhaocche.
Payment processor added unexpected service fee,Payment processor added unexpected service fee,Payments,High,Payment processor unexpected service fee add koreche.
Credit card fraud alert triggered incorrectly,Credit card fraud alert triggered incorrectly,Payments,Medium,Credit card er fraud alert vul bhabe trigger hoyeche.
ACH transfer reversed without notification,ACH transfer reversed without notification,Payments,Immediate,Notification charai ACH transfer reverse hoye geche.
Wallet balance not applied during checkout,Wallet balance not applied during checkout,Payments,High,Checkout er shomoy wallet balance apply hoyni.
Payment method removed from account without consent,Payment method removed from account without consent,Payments,Medium,Consent charai account theke payment method remove kore diyeche.
Dynamic currency conversion rate was unfair,Dynamic currency conversion rate was unfair,Payments,Immediate,Dynamic currency conversion rate ta unfair chilo.
Split payment option failed mid-transaction,Split payment option failed mid-transaction,Payments,High,Split payment option transaction er majhkane fail koreche.
Declined card works on other websites,Declined card works on other websites,Payments,Medium,Declined card onno website a kaj korche.
Recurring payment date changed without notice,Recurring payment date changed without notice,Payments,Immediate,Notice charai recurring payment er date change kore diyeche.
3D Secure verification failed repeatedly,3D Secure verification failed repeatedly,Payments,Medium,3D Secure verification bar bar fail koreche.
Payment gateway timeout caused duplicate charge,Payment gateway timeout caused duplicate charge,Payments,Immediate,Payment gateway timeout er karonhe duplicate charge hoyeche.
Bank chargeback incorrectly denied,Bank chargeback incorrectly denied,Payments,High,Bank chargeback vul bhabe deny koreche.
Stored card information expired but still charged,Stored card information expired but still charged,Payments,Medium,Stored card information expire hoye giyeche tobuo charge koreche.
Mobile payment app scan failed at checkout,Mobile payment app scan failed at checkout,Payments,Immediate,Checkout er shomoy mobile payment app er scan fail koreche.
Partial capture of authorized amount missing,Partial capture of authorized amount missing,Payments,High,Authorized amount er partial capture missing ache.
Payment processor held funds for 30+ days,Payment processor held funds for 30+ days,Payments,Medium,Payment processor 30+ diner jonno fund hold kore rekheche.
Checkout auto-selected premium payment method,Checkout auto-selected premium payment method,Payments,Immediate,Checkout auto-select kore premium payment method niyeche.
Family account shared payment without approval,Family account shared payment without approval,Payments,High,Approval charai family account theke payment shahre hoyeche.
Currency fluctuation made final charge higher,Currency fluctuation made final charge higher,Payments,Medium,Currency fluctuation er karonhe final charge beshi eseche.
Payment confirmation email never arrived,Payment confirmation email never arrived,Payments,Immediate,Payment confirmation email kokhono asheni.
Virtual terminal transaction disappeared,Virtual terminal transaction disappeared,Payments,High,Virtual terminal transaction gayeb hoye geche.
Payment method limit reached incorrectly,Payment method limit reached incorrectly,Payments,Medium,Payment method er limit vul bhabe reach dekhacche.
Pre-authorized charge never finalized,Pre-authorized charge never finalized,Payments,Immediate,Pre-authorized charge kokhono finalize hoyni.
Cross-border fee not disclosed during checkout,Cross-border fee not disclosed during checkout,Payments,High,Checkout er shomoy cross-border fee disclose koreni.
Payment plan installment failed automatically,Payment plan installment failed automatically,Payments,Medium,Payment plan er installment automatically fail koreche.
Digital wallet payment showed error but went through,Digital wallet payment showed error but went through,Payments,Immediate,Digital wallet payment error dekhieche kintu complete hoye geche.
Charge appeared in wrong currency,Charge appeared in wrong currency,Payments,High,Bhul currency te charge eseche.
Payment processor account suddenly suspended,Payment processor account suddenly suspended,Payments,Medium,Payment processor er account hothat suspend hoye geche.
Recurring payment amount increased secretly,Recurring payment amount increased secretly,Payments,Immediate,Lukiye lukiye recurring payment er amount bariye diyeche.
One-click checkout charged wrong card,One-click checkout charged wrong card,Payments,High,One-click checkout theke bhul card a charge koreche.
Payment dispute evidence submission failed,Payment dispute evidence submission failed,Payments,Medium,Payment dispute er evidence submission fail koreche.
Bank blocked legitimate e-commerce transaction,Bank blocked legitimate e-commerce transaction,Payments,Immediate,Bank legitimate e-commerce transaction block kore diyeche.
Payment method verification charge not refunded,Payment method verification charge not refunded,Payments,High,Payment method verification charge refund kora hoyni.
Checkout showed different amount than charged,Checkout showed different amount than charged,Payments,Medium,Checkout a je amount chilo charge tar cheye alada eseche.
Payment link expired before completion,Payment link expired before completion,Payments,Immediate,Complete korar agei payment link expire hoye geche.
Subscription payment skipped billing cycle,Subscription payment skipped billing cycle,Payments,High,Subscription payment billing cycle skip koreche.
Payment processor changed exchange rate unfairly,Payment processor changed exchange rate unfairly,Payments,Medium,Payment processor unfair bhabe exchange rate change koreche.
Digital payment receipt contains errors,Digital payment receipt contains errors,Payments,Immediate,Digital payment receipt e bhul ache
Auto-pay attempted after cancellation,Auto-pay attempted after cancellation,Payments,High,Cancellation er por o auto-pay try kora hoise
Payment method country restriction not stated,Payment method country restriction not stated,Payments,Medium,Payment method er country restriction bola hoyni
Charge appeared under different merchant name,Charge appeared under different merchant name,Payments,Immediate,Charge onno ekta merchant name e ashche
Payment authorization held too long,Payment authorization held too long,Payments,High,Payment authorization onekkhon hold kore rakha hoise
Partial payment option disappeared at checkout,Partial payment option disappeared at checkout,Payments,Medium,Checkout er shomoy partial payment option chole geche
Payment failure message didn't explain reason,Payment failure message didn't explain reason,Payments,Immediate,Payment failure message e karon bojhano hoyni
Recurring payment interval changed secretly,Recurring payment interval changed secretly,Payments,High,Recurring payment er interval koriye change kora hoise
Payment processor account access suddenly lost,Payment processor account access suddenly lost,Payments,Medium,Payment processor account er access hotath হারিয়ে geche
Checkout forced currency conversion unnecessarily,Checkout forced currency conversion unnecessarily,Payments,Immediate,Checkout er shomoy proyojon chara currency conversion force kora hoise
Payment method update didn't save properly,Payment method update didn't save properly,Payments,High,Payment method update thikmoto save hoyni
Bank charged international fee despite local vendor,Bank charged international fee despite local vendor,Payments,Medium,Local vendor howya sotteo bank international fee keteche
Payment retry system created duplicate orders,Payment retry system created duplicate orders,Payments,Immediate,Payment retry system duplicate order create koreche
Refund receipt shows wrong amount,Refund receipt shows wrong amount,Payments,High,Refund receipt e bhul amount dekhacche
Payment processor limited account without cause,Payment processor limited account without cause,Payments,Medium,Payment processor kono karon chara account limit koreche
Virtual credit card declined without reason,Virtual credit card declined without reason,Payments,Immediate,Kono karon chara virtual credit card decline kora hoise
Payment agreement terms changed retroactively,Payment agreement terms changed retroactively,Payments,High,Payment agreement er terms retroactively change kora hoise
Checkout didn't honor payment method discount,Checkout didn't honor payment method discount,Payments,Medium,Checkout e payment method er discount dewa hoyni
Payment verification step never completed,Payment verification step never completed,Payments,Immediate,Payment verification step kokhono complete hoyni
Recurring payment failed but service continues,Recurring payment failed but service continues,Payments,High,Recurring payment fail korse kintu service choltei ache
Payment processor froze funds during dispute,Payment processor froze funds during dispute,Payments,Medium,Dispute er shomoy payment processor funds freeze koreche
Bank statement shows unclear merchant descriptor,Bank statement shows unclear merchant descriptor,Payments,Immediate,Bank statement e unclear merchant descriptor dekhacche
Payment method removed after failed attempt,Payment method removed after failed attempt,Payments,High,Failed attempt er por payment method remove kore dewa hoise
Partial refund calculation was incorrect,Partial refund calculation was incorrect,Payments,Medium,Partial refund calculation bhul chilo
Payment authorization expired too quickly,Payment authorization expired too quickly,Payments,Immediate,Payment authorization onek taratari expire hoye geche
Digital payment app showed success but failed,Digital payment app showed success but failed,Payments,High,Digital payment app success dekhacche kintu fail hoise
Payment processor rejected valid ID verification,Payment processor rejected valid ID verification,Payments,Medium,Payment processor valid ID verification reject koreche
Charge appeared from unknown subsidiary,Charge appeared from unknown subsidiary,Payments,Immediate,Unknown subsidiary theke charge esheche
Payment plan terms changed without consent,Payment plan terms changed without consent,Payments,High,Consent chara payment plan er terms change kora hoise
Checkout page displayed wrong payment options,Checkout page displayed wrong payment options,Payments,Medium,Checkout page e bhul payment options dekhacche
Payment failure due to address mismatch,Payment failure due to address mismatch,Payments,Immediate,Address mismatch er karone payment fail hoise
Recurring payment reminder never sent,Recurring payment reminder never sent,Payments,High,Recurring payment er reminder kokhono pathano hoyni
Payment processor applied wrong tax jurisdiction,Payment processor applied wrong tax jurisdiction,Payments,Medium,Payment processor bhul tax jurisdiction apply koreche
Bank reversed legitimate e-commerce payment,Bank reversed legitimate e-commerce payment,Payments,Immediate,Bank legitimate e-commerce payment reverse koreche
Payment method icon showed incorrectly,Payment method icon showed incorrectly,Payments,High,Payment method er icon bhul dekhacche
Payment gateway connection failed repeatedly,Payment gateway connection failed repeatedly,Payments,Immediate,Payment gateway connection bar bar fail korse
Subscription payment method update didn't save,Subscription payment method update didn't save,Payments,High,Subscription payment method update save hoyni
Payment processor charged incorrect conversion,Payment processor charged incorrect conversion,Payments,Medium,Payment processor bhul conversion charge koreche
Checkout forced payment method registration,Checkout forced payment method registration,Payments,Immediate,Checkout e payment method registration force kora hoise
Payment authorization disappeared from history,Payment authorization disappeared from history,Payments,High,History theke payment authorization chole geche
Bank charged cash advance fee incorrectly,Bank charged cash advance fee incorrectly,Payments,Medium,Bank vulbabe cash advance fee keteche
Payment retry caused overdraft fee,Payment retry caused overdraft fee,Payments,Immediate,Payment retry er karone overdraft fee ashche
Refund to original payment method not possible,Refund to original payment method not possible,Payments,High,Original payment method e refund paoya shombhob na
Payment processor demanded unnecessary KYC,Payment processor demanded unnecessary KYC,Payments,Medium,Payment processor unnecessary KYC demand korse
Virtual terminal transaction lacked details,Virtual terminal transaction lacked details,Payments,Immediate,Virtual terminal transaction e details chilo na
Payment plan auto-changed to higher amount,Payment plan auto-changed to higher amount,Payments,High,Payment plan auto-change hoye beshi amount hoye geche
Checkout didn't show payment processor fees,Checkout didn't show payment processor fees,Payments,Medium,Checkout e payment processor er fee dekhayni
Payment method country verification failed,Payment method country verification failed,Payments,Immediate,Payment method er country verification fail korse
Tracking shows 'delivered' but nothing received,Tracking shows 'delivered' but nothing received,Order Tracking,Immediate,Tracking e 'delivered' dekhacche kintu kichu pai ni
No tracking number provided after 5 business days,No tracking number provided after 5 business days,Order Tracking,High,5 business days poreo kono tracking number dewa hoyni
Tracking stuck on 'label created' for 1 week,Tracking stuck on 'label created' for 1 week,Order Tracking,Medium,1 week dhore tracking 'label created' e stuck hoye ache
Carrier website says 'invalid tracking number',Carrier website says 'invalid tracking number',Order Tracking,High,Carrier website bolche 'invalid tracking number'
Package marked delivered to wrong city/state,Package marked delivered to wrong city/state,Order Tracking,Immediate,Package vul city ba state e delivered dekhacche
Tracking status hasn't updated in 10+ days,Tracking status hasn't updated in 10+ days,Order Tracking,Medium,Tracking status 10+ din dhore update hoyni
Received someone else's tracking number,Received someone else's tracking number,Order Tracking,High,Onnaro karo tracking number peyechi
Multiple items show same tracking number,Multiple items show same tracking number,Order Tracking,Immediate,Onek gulo item e same tracking number dekhacche
Tracking shows 'return to sender' without reason,Tracking shows 'return to sender' without reason,Order Tracking,High,Kono karon chara tracking e 'return to sender' dekhacche
Delivery date changed 5 times in system,Delivery date changed 5 times in system,Order Tracking,Medium,System e delivery date 5 bar change hoyeche
Tracking link goes to wrong carrier website,Tracking link goes to wrong carrier website,Order Tracking,Low,Tracking link vul carrier website e jacche
International package stuck at customs without updates,International package stuck at customs without updates,Order Tracking,High,International package kono update chara customs e stuck hoye ache
Tracking shows 'delivery attempted' but no notice left,Tracking shows 'delivery attempted' but no notice left,Order Tracking,Medium,Tracking e 'delivery attempted' dekhacche kintu kono notice fela hoyni
Order marked 'shipped' but carrier hasn't received it,Order marked 'shipped' but carrier hasn't received it,Order Tracking,High,Order 'shipped' dekhacche kintu carrier ekhono payni
Two tracking numbers for same order show different statuses,Two tracking numbers for same order show different statuses,Order Tracking,Immediate,Same order er duita tracking number alada status dekhacche
Tracking shows 'out for delivery' for 3 days,Tracking shows 'out for delivery' for 3 days,Order Tracking,Medium,Tracking 3 din dhore 'out for delivery' dekhacche
Customer received package but tracking shows 'pending',Customer received package but tracking shows 'pending',Order Tracking,High,Customer package peyeche kintu tracking 'pending' dekhacche
Tracking number from merchant doesn't work with carrier,Tracking number from merchant doesn't work with carrier,Order Tracking,Immediate,Merchant er dewa tracking number carrier er sathe kaj korche na
Package scanned at wrong distribution center,Package scanned at wrong distribution center,Order Tracking,Medium,Package vul distribution center e scan hoyeche
Delivery exception noted but no explanation,Delivery exception noted but no explanation,Order Tracking,High,Delivery exception dewa hoyeche kintu kono explanation nei
Tracking shows 'in transit' for 2 weeks with no location,Tracking shows 'in transit' for 2 weeks with no location,Order Tracking,Medium,Tracking 2 sokal dhore 'in transit' dekhacche kono location chara
Received tracking email but order shows 'unfulfilled',Received tracking email but order shows 'unfulfilled',Order Tracking,High,Tracking email peyechi kintu order 'unfulfilled' dekhacche
Carrier claims package delivered but security cameras show nothing,Carrier claims package delivered but security cameras show nothing,Order Tracking,Immediate,Carrier claim korche package delivered hoyeche kintu security camera te kichu nei
Tracking shows 'delivered to agent' but no agent exists,Tracking shows 'delivered to agent' but no agent exists,Order Tracking,High,Tracking 'delivered to agent' dekhacche kintu kono agent nei
Multiple packages merged under one tracking without notice,Multiple packages merged under one tracking without notice,Order Tracking,Medium,Kono notice chara ekta tracking er under e multiple package merge kora hoyeche
Tracking status in app contradicts carrier website,Tracking status in app contradicts carrier website,Order Tracking,High,App er tracking status carrier website er sathe milche na
Delivery date passed with no tracking updates,Delivery date passed with no tracking updates,Order Tracking,Immediate,Delivery date chole geche kintu kono tracking update nei
Tracking shows 'held at location' but no location given,Tracking shows 'held at location' but no location given,Order Tracking,High,Tracking 'held at location' dekhacche kintu kono location dewa hoyni
Package scanned as 'delivered' 24 hours before actual delivery,Package scanned as 'delivered' 24 hours before actual delivery,Order Tracking,Medium,Asol delivery er 24 ghonta age package 'delivered' hishebe scan kora hoyeche
International tracking stops at border crossing,International tracking stops at border crossing,Order Tracking,High,Border crossing e giye international tracking bondho hoye geche
Order marked 'complete' but never shipped,Order marked 'complete' but never shipped,Order Tracking,Immediate,Order 'complete' dekhacche kintu kakhono ship kora hoyni
Tracking shows 'returned' but customer didn't request return,Tracking shows 'returned' but customer didn't request return,Order Tracking,High,Tracking 'returned' dekhacche kintu customer return er request koreni
Carrier website shows different weight than ordered item,Carrier website shows different weight than ordered item,Order Tracking,Medium,Ordered item er theke carrier website e alada weight dekhacche
Delivery notification received for wrong address,Delivery notification received for wrong address,Order Tracking,High,Vul address er jonno delivery notification eseche
Tracking shows 'damaged' but no contact from carrier,Tracking shows 'damaged' but no contact from carrier,Order Tracking,Immediate,Tracking 'damaged' dekhacche kintu carrier theke kono contact nei
Package scanned at same location 5 days in a row,Package scanned at same location 5 days in a row,Order Tracking,Medium,Eki location e package 5 din dhore scan hochhe
Express shipping shows no better progress than standard,Express shipping shows no better progress than standard,Order Tracking,High,Express shipping er progress standard er theke valo na
Tracking number recycled from previous order,Tracking number recycled from previous order,Order Tracking,Medium,Ageer order er tracking number abar use kora hoyeche
Delivery timeframe window missed by 3+ days,Delivery timeframe window missed by 3+ days,Order Tracking,High,Delivery timeframe 3+ din miss hoye geche
Tracking shows 'weather delay' but no weather issues,Tracking shows 'weather delay' but no weather issues,Order Tracking,Immediate,Tracking 'weather delay' dekhacche kintu kono weather issue nei
Signature confirmation required but driver didn't collect,Signature confirmation required but driver didn't collect,Order Tracking,High,Signature confirmation lagto kintu driver collect koreni
Package dimensions in tracking don't match order,Package dimensions in tracking don't match order,Order Tracking,Medium,Tracking e package dimensions order er sathe milche na
Tracking shows 'delivered to mailbox' but no mailbox exists,Tracking shows 'delivered to mailbox' but no mailbox exists,Order Tracking,High,Tracking 'delivered to mailbox' dekhacche kintu kono mailbox nei
Order status changed from 'delivered' back to 'in transit',Order status changed from 'delivered' back to 'in transit',Order Tracking,Immediate,Order status 'delivered' theke abar 'in transit' e change hoyeche
Carrier claims 'business closed' but business was open,Carrier claims 'business closed' but business was open,Order Tracking,High,Carrier claim korche 'business closed' kintu business khola chilo
Tracking shows 'delivered to front door' for apartment building,Tracking shows 'delivered to front door' for apartment building,Order Tracking,Medium,Apartment building er jonno tracking 'delivered to front door' dekhacche
Delivery exception for 'invalid address' but address is correct,Delivery exception for 'invalid address' but address is correct,Order Tracking,High,Invalid address er jonno delivery exception eseche kintu address thik ache
Package shows 'out for delivery' in wrong timezone,Package shows 'out for delivery' in wrong timezone,Order Tracking,Immediate,Vul timezone e package 'out for delivery' dekhacche
Tracking updates only show country-level location,Tracking updates only show country-level location,Order Tracking,Medium,Tracking updates shudhu country-level location dekhacche
Delivery notification came 2 days after actual delivery,Delivery notification came 2 days after actual delivery,Order Tracking,High,Asol delivery er 2 din por delivery notification eseche
Tracking shows 'pending' but customer received item,Tracking shows 'pending' but customer received item,Order Tracking,Medium,Tracking 'pending' dekhacche kintu customer item peyeche
Carrier marked package 'undeliverable' without attempt,Carrier marked package 'undeliverable' without attempt,Order Tracking,High,Kono attempt chara carrier package ke 'undeliverable' mark koreche
Order status says 'shipped' but no tracking available,Order status says 'shipped' but no tracking available,Order Tracking,Immediate,Order status 'shipped' bolche kintu kono tracking available nai.
Tracking shows 'delivered to parcel locker' but no code provided,Tracking shows 'delivered to parcel locker' but no code provided,Order Tracking,High,Tracking e 'delivered to parcel locker' dekha hocche kintu kono code dewa hoyni.
Package scanned at destination facility then disappeared,Package scanned at destination facility then disappeared,Order Tracking,Medium,Package destination facility te scan howar por hariye geche.
Delivery timeframe promised by merchant doesn't match carrier,Delivery timeframe promised by merchant doesn't match carrier,Order Tracking,High,Merchant er dawa delivery timeframe carrier er sathe match korche na.
Tracking shows 'in transit' but carrier confirms lost,Tracking shows 'in transit' but carrier confirms lost,Order Tracking,Immediate,Tracking 'in transit' dekha hocche kintu carrier lost bole confirm korche.
Signature required but package left with unauthorized person,Signature required but package left with unauthorized person,Order Tracking,High,Signature lagto kintu package unauthorized person er kache rekhe geche.
Tracking shows 'delivered' but recipient was on vacation,Tracking shows 'delivered' but recipient was on vacation,Order Tracking,Medium,Tracking 'delivered' dekha hocche kintu recipient vacation e chilo.
Multiple tracking numbers for single order don't correlate,Multiple tracking numbers for single order don't correlate,Order Tracking,High,Ekta order er multiple tracking numbers match korche na.
Carrier attempted delivery outside business hours,Carrier attempted delivery outside business hours,Order Tracking,Immediate,Carrier business hours er baire delivery try koreche.
Tracking shows 'delivered to neighbor' but no neighbor has it,Tracking shows 'delivered to neighbor' but no neighbor has it,Order Tracking,High,Tracking e 'delivered to neighbor' dekha hocche kintu karur kachhei nei.
Package weight in tracking shows zero pounds,Package weight in tracking shows zero pounds,Order Tracking,Medium,Tracking e package weight zero pounds dekhacche.
Delivery notification lists wrong carrier,Delivery notification lists wrong carrier,Order Tracking,High,Delivery notification e bhul carrier er nam ase.
Tracking shows 'exception' but no details provided,Tracking shows 'exception' but no details provided,Order Tracking,Immediate,Tracking e 'exception' dekha hocche kintu kono details dewa hoyni.
Order marked 'shipped' but merchant admits not shipped,Order marked 'shipped' but merchant admits not shipped,Order Tracking,High,Order 'shipped' mark kora hoise kintu merchant admit korche je ship hoyni.
Package scanned at facility 500 miles from destination daily,Package scanned at facility 500 miles from destination daily,Order Tracking,Medium,Package roj destination theke 500 miles dure facility te scan hocche.
Tracking shows 'delivery attempted' but no doorbell rang,Tracking shows 'delivery attempted' but no doorbell rang,Order Tracking,High,Tracking e 'delivery attempted' dekhacche kintu kono doorbell baje nai.
Delivery date changed after cutoff time passed,Delivery date changed after cutoff time passed,Order Tracking,Immediate,Cutoff time chole jawar por delivery date change kora hoise.
Carrier claims 'recipient refused' but no attempt made,Carrier claims 'recipient refused' but no attempt made,Order Tracking,High,Carrier claim korche 'recipient refused' kintu kono attempt kora hoyni.
Tracking shows 'forwarded' but customer didn't request,Tracking shows 'forwarded' but customer didn't request,Order Tracking,Medium,Tracking e 'forwarded' dekhacche kintu customer request koreni.
Package scanned as 'sorted' then no updates for 1 week,Package scanned as 'sorted' then no updates for 1 week,Order Tracking,High,Package 'sorted' hishebe scan hoise tarpor 1 week kono update nai.
Delivery timeframe given by customer service was false,Delivery timeframe given by customer service was false,Order Tracking,Immediate,Customer service theke dawa delivery timeframe bhul chilo.
Tracking shows 'on vehicle' for 4 consecutive days,Tracking shows 'on vehicle' for 4 consecutive days,Order Tracking,High,Tracking e 4 din dhore 'on vehicle' dekhacche.
Carrier website shows delivery to wrong zip code,Carrier website shows delivery to wrong zip code,Order Tracking,Medium,Carrier website e bhul zip code e delivery dekhacche.
Order status changed to 'delivered' before shipping,Order status changed to 'delivered' before shipping,Order Tracking,High,Shipping er agei order status 'delivered' hoye geche.
Tracking shows 'inbound to customs' for 3 weeks,Tracking shows 'inbound to customs' for 3 weeks,Order Tracking,Immediate,Tracking e 3 week dhore 'inbound to customs' dekhacche.
Delivery notification lists wrong product description,Delivery notification lists wrong product description,Order Tracking,High,Delivery notification e bhul product description ase.
Package shows 'returned to sender' while in transit,Package shows 'returned to sender' while in transit,Order Tracking,Medium,In transit thaka obosthay package 'returned to sender' dekhacche.
Tracking updates only appear after delivery occurs,Tracking updates only appear after delivery occurs,Order Tracking,High,Delivery howar por tracking updates ashe.
Carrier left package in unsecured location despite instructions,Carrier left package in unsecured location despite instructions,Order Tracking,Immediate,Instructions thaka sotteo carrier insecure location e package fele geche.
Tracking shows 'delivered' but signature doesn't match,Tracking shows 'delivered' but signature doesn't match,Order Tracking,High,Tracking 'delivered' dekhacche kintu signature match korche na.
Delivery exception for 'animal interference' in high-rise building,Delivery exception for 'animal interference' in high-rise building,Order Tracking,Medium,High-rise building e 'animal interference' er jonno delivery exception.
Package scanned at origin facility then no updates,Package scanned at origin facility then no updates,Order Tracking,High,Origin facility te package scan howar por kono update nai.
Order status says 'shipped' but merchant can't provide tracking,Order status says 'shipped' but merchant can't provide tracking,Order Tracking,Immediate,Order status 'shipped' bolche kintu merchant tracking dite parche na.
Tracking shows 'delivered to dock' at residential address,Tracking shows 'delivered to dock' at residential address,Order Tracking,High,Residential address e 'delivered to dock' dekhacche tracking e.
Carrier marked 'delivery attempted' during known absence,Carrier marked 'delivery attempted' during known absence,Order Tracking,Medium,Known absence er shomoy carrier 'delivery attempted' mark koreche.
Package shows 'out for delivery' in wrong state,Package shows 'out for delivery' in wrong state,Order Tracking,High,Bhul state e package 'out for delivery' dekhacche.
Delivery notification lists incorrect recipient name,Delivery notification lists incorrect recipient name,Order Tracking,Immediate,Delivery notification e incorrect recipient name ase.
Tracking shows 'held for future delivery date' without request,Tracking shows 'held for future delivery date' without request,Order Tracking,High,Kono request chara tracking e 'held for future delivery date' dekhacche.
Carrier claims 'secure location' but package was stolen,Carrier claims 'secure location' but package was stolen,Order Tracking,Medium,Carrier 'secure location' claim korche kintu package churi hoye geche.
Package scanned as 'loaded on wrong truck' repeatedly,Package scanned as 'loaded on wrong truck' repeatedly,Order Tracking,High,Bar bar package 'loaded on wrong truck' hishebe scan hocche.
Order status changed to 'lost' after delivery timeframe,Order status changed to 'lost' after delivery timeframe,Order Tracking,Immediate,Delivery timeframe er por order status 'lost' hoye geche.
Tracking shows 'delivered to parcel room' but none exists,Tracking shows 'delivered to parcel room' but none exists,Order Tracking,High,Tracking e 'delivered to parcel room' dekhacche kintu emon kichu nei.
Delivery exception for 'missing apartment number' when provided,Delivery exception for 'missing apartment number' when provided,Order Tracking,Medium,Provide korar poro 'missing apartment number' er jonno delivery exception.
Package shows 'in transit' while return refund processed,Package shows 'in transit' while return refund processed,Order Tracking,High,Return refund process howar shomoy package 'in transit' dekhacche.
Tracking updates show impossible location jumps,Tracking updates show impossible location jumps,Order Tracking,Immediate,Tracking updates e impossible location jumps dekhacche.
Carrier marked 'delivered to receptionist' at home address,Carrier marked 'delivered to receptionist' at home address,Order Tracking,High,Home address e carrier 'delivered to receptionist' mark koreche.
Order status says 'delivered' but weight shows empty package,Order status says 'delivered' but weight shows empty package,Order Tracking,Medium,Order status 'delivered' bolche kintu weight e empty package dekhacche.
Tracking shows 'available for pickup' at wrong location,Tracking shows 'available for pickup' at wrong location,Order Tracking,High,Bhul location e tracking 'available for pickup' dekhacche.
Delivery notification came before shipping confirmation,Delivery notification came before shipping confirmation,Order Tracking,Immediate,Shipping confirmation er agei delivery notification chole ase.
Package scanned 'left at front desk' but no desk exists,Package scanned 'left at front desk' but no desk exists,Order Tracking,High,Package 'left at front desk' scan hoise kintu kono desk nei.
Carrier claims 'delivered to household member' but lives alone,Carrier claims 'delivered to household member' but lives alone,Order Tracking,Medium,Carrier boltese 'delivered to household member' kintu ami ekla thaki.
Tracking shows 'on hold' but no reason given,Tracking shows 'on hold' but no reason given,Order Tracking,High,Tracking e 'on hold' dekhaicche kintu kono karon dey nai.
Order status says 'shipped' but carrier has no record,Order status says 'shipped' but carrier has no record,Order Tracking,Immediate,Order status e 'shipped' dekhacche kintu carrier er kache kono record nai.
Subscription auto-renewed after cancellation,Subscription auto-renewed after cancellation,Subscriptions,Immediate,Cancellation korar poro subscription auto-renew hoye gese.
Free trial converted to paid without warning,Free trial converted to paid without warning,Subscriptions,High,Kono warning chara e free trial theke paid hoye gese.
Can't find cancellation option in account,Can't find cancellation option in account,Subscriptions,Medium,Account er moddhe cancellation option khuje pacchi na.
Charged annual rate when monthly was selected,Charged annual rate when monthly was selected,Subscriptions,Immediate,Monthly select korar poro annual rate charge korse.
Renewal price increased without notification,Renewal price increased without notification,Subscriptions,High,Notification chara renewal price barie dise.
Subscription renewed 3 days before expiration,Subscription renewed 3 days before expiration,Subscriptions,Medium,Expiration er 3 din agei subscription renew hoye gese.
Canceled but still have access to service,Canceled but still have access to service,Subscriptions,High,Cancel korar poro o service e access pacchi.
Account shows 'active' after cancellation,Account shows 'active' after cancellation,Subscriptions,Immediate,Cancellation korar poro o account 'active' dekhacche.
Charged during cooling-off period,Charged during cooling-off period,Subscriptions,High,Cooling-off period er moddhe charge korse.
Auto-renewal toggle resets itself,Auto-renewal toggle resets itself,Subscriptions,Medium,Auto-renewal toggle nije nije reset hoye jacche.
Subscription renewed while paused,Subscription renewed while paused,Subscriptions,High,Pause kora thaka obosthay subscription renew hoye gese.
Payment failed but service wasn't suspended,Payment failed but service wasn't suspended,Subscriptions,Medium,Payment fail korse kintu service suspend hoyni.
Charged for premium tier after downgrade,Charged for premium tier after downgrade,Subscriptions,Immediate,Downgrade korar poro o premium tier er jonno charge korse.
Cancelation requires phone call only,Cancelation requires phone call only,Subscriptions,High,Cancel korte hole oboshshoi phone call korte hobe.
Auto-renewal terms changed without notice,Auto-renewal terms changed without notice,Subscriptions,Medium,Notice chara auto-renewal terms change korese.
Subscription renewed after refund request,Subscription renewed after refund request,Subscriptions,High,Refund request korar poro subscription renew hoye gese.
Free trial required credit card upfront,Free trial required credit card upfront,Subscriptions,Immediate,Free trial er jonno age thekei credit card lagse.
Charged before free trial ended,Charged before free trial ended,Subscriptions,High,Free trial shesh howar agei charge korse.
Cancelation page gives 404 error,Cancelation page gives 404 error,Subscriptions,Medium,Cancellation page theke 404 error dicche.
Renewal receipt sent to wrong email,Renewal receipt sent to wrong email,Subscriptions,High,Renewal receipt bhul email e chole gese.
Subscription renewed with expired card,Subscription renewed with expired card,Subscriptions,Immediate,Expired card diye subscription renew hoye gese.
Account says 'canceled' but still charged,Account says 'canceled' but still charged,Subscriptions,High,Account e 'canceled' dekhacche kintu abar charge korse.
Auto-renewal date changes automatically,Auto-renewal date changes automatically,Subscriptions,Medium,Auto-renewal date nije nije change hoye jacche.
Charged annual when canceling monthly,Charged annual when canceling monthly,Subscriptions,High,Monthly cancel korar shomoy annual charge korese.
Trial period shortened without notice,Trial period shortened without notice,Subscriptions,Immediate,Notice chara trial period choto kore dise.
Subscription restarted after 6 months,Subscription restarted after 6 months,Subscriptions,High,6 mash por subscription abar start hoye gese.
Cancelation requires submitting ID,Cancelation requires submitting ID,Subscriptions,Medium,Cancellation korar jonno ID submit korte hocche.
Auto-renewal turned back on after update,Auto-renewal turned back on after update,Subscriptions,High,Update korar por auto-renewal abar on hoye gese.
Charged during grace period,Charged during grace period,Subscriptions,Immediate,Grace period er moddhe charge korse.
Free trial counted as first payment,Free trial counted as first payment,Subscriptions,High,Free trial ke first payment hishebe dhorese.
Subscription renewed after chargeback,Subscription renewed after chargeback,Subscriptions,Medium,Chargeback korar poro subscription renew hoye gese.
Cancelation button hidden in settings,Cancelation button hidden in settings,Subscriptions,High,Settings er moddhe cancellation button lukiye rakha.
Auto-renewal receipt has no opt-out,Auto-renewal receipt has no opt-out,Subscriptions,Immediate,Auto-renewal receipt e opt-out korar kono option nai.
Charged full price after discount period,Charged full price after discount period,Subscriptions,High,Discount period shesh howar por full price charge korse.
Trial auto-converted without reminder,Trial auto-converted without reminder,Subscriptions,Medium,Reminder chara trial auto-convert hoye gese.
Subscription renewed after death of user,Subscription renewed after death of user,Subscriptions,High,User mara jawar poro subscription renew hoye gese.
Cancelation requires mailed letter,Cancelation requires mailed letter,Subscriptions,Immediate,Cancellation korar jonno chithir madhyome pathate hobe.
Auto-renewal uses different payment method,Auto-renewal uses different payment method,Subscriptions,High,Auto-renewal onnno payment method use korse.
Charged during account suspension,Charged during account suspension,Subscriptions,Medium,Account suspension thaka obosthay charge korse.
Free trial required social media post,Free trial required social media post,Subscriptions,High,Free trial er jonno social media post korte bolse.
Subscription renewed after 3 cancellations,Subscription renewed after 3 cancellations,Subscriptions,Immediate,3 bar cancel korar poro o subscription renew hoye gese.
Account shows inactive but still billing,Account shows inactive but still billing,Subscriptions,High,Account inactive dekhacche kintu tobuo bill katse.
Auto-renewal charges higher than agreed,Auto-renewal charges higher than agreed,Subscriptions,Medium,Jeta thik hoisilo tar theke beshi auto-renewal charge korse.
Charged before service activation,Charged before service activation,Subscriptions,High,Service activate howar agei charge korse.
Cancelation requires in-person visit,Cancelation requires in-person visit,Subscriptions,Immediate,Cancellation korar jonno shorishori giye dekha korte hobe.
Renewal notification sent after charge,Renewal notification sent after charge,Subscriptions,High,Charge korar por renewal notification pathase.
Subscription restarted after 1 year,Subscription restarted after 1 year,Subscriptions,Medium,1 bochor por subscription abar start hoye gese.
Auto-renewal terms in hidden FAQ,Auto-renewal terms in hidden FAQ,Subscriptions,High,Auto-renewal terms hidden FAQ te ache
Charged for add-on never selected,Charged for add-on never selected,Subscriptions,Immediate,Add-on er jonno charge kora hoyeche ja konodin select korini
Free trial required survey completion,Free trial required survey completion,Subscriptions,High,Free trial er jonno survey complete korte hoyeche
Subscription renewed during dispute,Subscription renewed during dispute,Subscriptions,Medium,Dispute cholinakaalei subscription renew hoyegeche
Cancelation page asks for feedback first,Cancelation page asks for feedback first,Subscriptions,High,Cancelation page e age feedback chay
Auto-renewal uses old card on file,Auto-renewal uses old card on file,Subscriptions,Immediate,Auto-renewal er jonno file e thaka puraton card use hocche
Charged after moving countries,Charged after moving countries,Subscriptions,High,Country move korar poro charge kora hoyeche
Trial period changed retroactively,Trial period changed retroactively,Subscriptions,Medium,Trial period retroactively change kora hoyeche
Subscription renewed after bank change,Subscription renewed after bank change,Subscriptions,High,Bank change korar poro subscription renew hoyegeche
Account cancellation not synced with billing,Account cancellation not synced with billing,Subscriptions,Immediate,Account cancellation billing er sathe sync hoyni
Auto-renewal charges tax suddenly,Auto-renewal charges tax suddenly,Subscriptions,High,Auto-renewal a hothath kore tax charge korche
Charged during military deployment,Charged during military deployment,Subscriptions,Medium,Military deployment er shomoy charge kora hoyeche
Free trial required friend referral,Free trial required friend referral,Subscriptions,High,Free trial er jonno friend referral lagse
Subscription renewed after fraud report,Subscription renewed after fraud report,Subscriptions,Immediate,Fraud report korar poro subscription renew hoyegeche
Cancelation requires 30-day notice,Cancelation requires 30-day notice,Subscriptions,High,Cancelation er jonno 30-day notice lage
Auto-renewal uses wrong currency,Auto-renewal uses wrong currency,Subscriptions,Medium,Auto-renewal e bhul currency use hocche
Charged during natural disaster,Charged during natural disaster,Subscriptions,High,Natural disaster er shomoy charge kora hoyeche
Trial required minimum usage hours,Trial required minimum usage hours,Subscriptions,Immediate,Trial er jonno minimum usage hours dorkar chilo
Subscription renewed after bankruptcy,Subscription renewed after bankruptcy,Subscriptions,High,Bankruptcy er poro subscription renew hoyegeche
Account shows canceled but keeps billing,Account shows canceled but keeps billing,Subscriptions,Medium,Account canceled dekhacche kintu billing choltei ache
Auto-renewal charges processing fee,Auto-renewal charges processing fee,Subscriptions,High,Auto-renewal e processing fee charge korche
Charged during hospital stay,Charged during hospital stay,Subscriptions,Immediate,Hospital stay er shomoy charge kora hoyeche
Free trial required app download,Free trial required app download,Subscriptions,High,Free trial er jonno app download korte hoyeche
Subscription renewed after death,Subscription renewed after death,Subscriptions,Medium,Mrittur poro subscription renew hoyegeche
Cancelation requires notarized form,Cancelation requires notarized form,Subscriptions,High,Cancelation er jonno notarized form lage
Auto-renewal terms in image file,Auto-renewal terms in image file,Subscriptions,Immediate,Auto-renewal terms image file e ache
Charged during service outage,Charged during service outage,Subscriptions,High,Service outage er shomoy charge kora hoyeche
Trial required credit score check,Trial required credit score check,Subscriptions,Medium,Trial er jonno credit score check lagse
Subscription renewed after divorce,Subscription renewed after divorce,Subscriptions,High,Divorce er poro subscription renew hoyegeche
Account cancellation requires video call,Account cancellation requires video call,Subscriptions,Immediate,Account cancellation er jonno video call lagse
Auto-renewal charges foreign fee,Auto-renewal charges foreign fee,Subscriptions,High,Auto-renewal e foreign fee charge korche
Charged during declared disability,Charged during declared disability,Subscriptions,Medium,Declared disability er shomoy charge kora hoyeche
Free trial required biometric data,Free trial required biometric data,Subscriptions,High,Free trial er jonno biometric data lagse
Subscription renewed after FTC complaint,Subscription renewed after FTC complaint,Subscriptions,Immediate,FTC complaint er poro subscription renew hoyegeche
Cancelation page has fake error,Cancelation page has fake error,Subscriptions,High,Cancelation page e fake error asche
Auto-renewal uses dynamic pricing,Auto-renewal uses dynamic pricing,Subscriptions,Medium,Auto-renewal e dynamic pricing use hocche
Charged during declared bankruptcy,Charged during declared bankruptcy,Subscriptions,High,Declared bankruptcy er shomoy charge kora hoyeche
Trial required background check,Trial required background check,Subscriptions,Immediate,Trial er jonno background check lagse
Subscription renewed after class action,Subscription renewed after class action,Subscriptions,High,Class action er poro subscription renew hoyegeche
Account shows expired but still bills,Account shows expired but still bills,Subscriptions,Medium,Account expired dekhacche kintu tobuo bill asche
Auto-renewal charges restoration fee,Auto-renewal charges restoration fee,Subscriptions,High,Auto-renewal e restoration fee charge korche
Charged during declared pandemic,Charged during declared pandemic,Subscriptions,Immediate,Declared pandemic er shomoy charge kora hoyeche
Free trial required DNA sample,Free trial required DNA sample,Subscriptions,High,Free trial er jonno DNA sample lagse
Subscription renewed after GDPR request,Subscription renewed after GDPR request,Subscriptions,Medium,GDPR request er poro subscription renew hoyegeche
Cancelation requires minimum age,Cancelation requires minimum age,Subscriptions,High,Cancelation er jonno minimum age lage
Auto-renewal uses crypto wallet,Auto-renewal uses crypto wallet,Subscriptions,Immediate,Auto-renewal e crypto wallet use hocche
Charged during declared emergency,Charged during declared emergency,Subscriptions,High,Declared emergency er shomoy charge kora hoyeche
Trial required facial recognition,Trial required facial recognition,Subscriptions,Medium,Trial er jonno facial recognition lagse
Subscription renewed after court order,Subscription renewed after court order,Subscriptions,High,Court order er poro subscription renew hoyegeche
Account cancellation requires blood test,Account cancellation requires blood test,Subscriptions,Immediate,Account cancellation er jonno blood test lagse
Cart empties automatically after adding items,Cart empties automatically after adding items,Checkout,High,Items add korar por cart automatic empty hoye jay.
Payment fails at final step with no error message,Payment fails at final step with no error message,Checkout,Immediate,Final step e kono error message chara payment fail korche.
Items disappear when proceeding to checkout,Items disappear when proceeding to checkout,Checkout,High,Checkout e gele items vanish hoye jay.
Checkout button becomes unclickable,Checkout button becomes unclickable,Checkout,Medium,Checkout button click kora jay na.
Shipping options fail to load at checkout,Shipping options fail to load at checkout,Checkout,High,Checkout e shipping options load hobar shomoy fail kore.
Coupon applies but then disappears at payment,Coupon applies but then disappears at payment,Checkout,Medium,Coupon apply hoy kintu payment er shomoy chole jay.
Browser crashes when clicking checkout,Browser crashes when clicking checkout,Checkout,Immediate,Checkout e click korle browser crash kore.
Cart shows wrong currency conversion,Cart shows wrong currency conversion,Checkout,High,Cart e vul currency conversion dekhacche.
Quantity changes reset when updating cart,Quantity changes reset when updating cart,Checkout,Medium,Cart update korle quantity changes reset hoye jay.
Checkout page displays wrong tax amount,Checkout page displays wrong tax amount,Checkout,High,Checkout page e vul tax amount dekhacche.
Login required error appears for guest checkout,Login required error appears for guest checkout,Checkout,Immediate,Guest checkout er shomoy login required error ashe.
Mobile app freezes during address entry,Mobile app freezes during address entry,Checkout,High,Address likhar shomoy mobile app freeze hoye jay.
Checkout loops back to cart repeatedly,Checkout loops back to cart repeatedly,Checkout,Medium,Checkout bar bar ghure abar cart e chole ashe.
Payment methods fail to load,Payment methods fail to load,Checkout,High,Payment methods load hocche na.
Auto-filled address information gets cleared,Auto-filled address information gets cleared,Checkout,Immediate,Auto-filled address information clear hoye jacche.
Checkout progress tracker shows wrong step,Checkout progress tracker shows wrong step,Checkout,Medium,Checkout progress tracker vul step dekhacche.
Page scrolls to top during credit card entry,Page scrolls to top during credit card entry,Checkout,High,Credit card number dite gele page upore scroll hoye jay.
Multiple identical items get added to cart,Multiple identical items get added to cart,Checkout,Medium,Cart e ekadhik same item add hoye jacche.
Checkout page shows expired security certificate,Checkout page shows expired security certificate,Checkout,Immediate,Checkout page e expired security certificate dekhacche.
Saved payment methods appear as invalid,Saved payment methods appear as invalid,Checkout,High,Saved payment methods invalid dekhaicche.
Checkout calculates wrong shipping timeline,Checkout calculates wrong shipping timeline,Checkout,Medium,Checkout vul shipping timeline calculate korche.
Browser back button breaks checkout flow,Browser back button breaks checkout flow,Checkout,High,Browser er back button click korle checkout flow noshto hoye jay.
Gift options disappear at payment step,Gift options disappear at payment step,Checkout,Immediate,Payment step e gift options chole jay.
Checkout displays 'invalid field' with no indication,Checkout displays 'invalid field' with no indication,Checkout,High,Checkout e kono indication chara 'invalid field' dekhacche.
Cart totals don't match checkout totals,Cart totals don't match checkout totals,Checkout,Medium,Cart er total er sathe checkout er total milche na.
Checkout page fails in incognito mode,Checkout page fails in incognito mode,Checkout,High,Incognito mode e checkout page kaj kore na.
Address validation rejects correct addresses,Address validation rejects correct addresses,Checkout,Immediate,Address validation shothik address keo reject kore dicche.
Checkout autofills wrong credit card details,Checkout autofills wrong credit card details,Checkout,High,Checkout vul credit card details autofill kore fele.
Page reloads during 3D Secure verification,Page reloads during 3D Secure verification,Checkout,Medium,3D Secure verification er shomoy page abar reload hoy.
Checkout shows out-of-stock items as available,Checkout shows out-of-stock items as available,Checkout,High,Checkout e out-of-stock items ke available dekhacche.
Express checkout ignores selected options,Express checkout ignores selected options,Checkout,Immediate,Express checkout select kora options gulo ignore kore.
Checkout progress bar gets stuck at 99%,Checkout progress bar gets stuck at 99%,Checkout,High,Checkout progress bar 99% e giye আটকে thake.
Captcha fails to load at payment step,Captcha fails to load at payment step,Checkout,Medium,Payment step e captcha load hocche na.
Checkout applies wrong regional pricing,Checkout applies wrong regional pricing,Checkout,High,Checkout vul regional pricing apply korche.
Browser warns of insecure form submission,Browser warns of insecure form submission,Checkout,Immediate,Browser insecure form submission er warning dicche.
Checkout page elements overlap on mobile,Checkout page elements overlap on mobile,Checkout,High,Mobile e checkout page er elements gulo ekti arektir upor chole ashe.
Saved cart loads wrong item quantities,Saved cart loads wrong item quantities,Checkout,Medium,Saved cart load hole item er quantity vul ashe.
Checkout shows duplicate payment buttons,Checkout shows duplicate payment buttons,Checkout,High,Checkout e duplicate payment buttons dekhacche.
Tax calculation fails for international orders,Tax calculation fails for international orders,Checkout,Immediate,International order er jonno tax calculation fail kore.
Checkout autoselects express shipping,Checkout autoselects express shipping,Checkout,High,Checkout automatic express shipping select kore ney.
Credit card fields reject valid numbers,Credit card fields reject valid numbers,Checkout,Medium,Credit card fields shothik numbers gulo reject kore.
Checkout page timeout too short,Checkout page timeout too short,Checkout,High,Checkout page er timeout khub kom.
Browser autofill breaks form validation,Browser autofill breaks form validation,Checkout,Immediate,Browser autofill form validation noshto kore dey.
Checkout shows wrong item thumbnails,Checkout shows wrong item thumbnails,Checkout,High,Checkout e vul item thumbnails dekhacche.
One-click purchase triggers accidentally,One-click purchase triggers accidentally,Checkout,Medium,One-click purchase vulboshoto trigger hoye jay.
Checkout calculates discounts incorrectly,Checkout calculates discounts incorrectly,Checkout,High,Checkout discounts gulo vul calculation kore.
Page crashes when applying gift card,Page crashes when applying gift card,Checkout,Immediate,Gift card apply korte gele page crash kore.
Checkout suggests wrong saved addresses,Checkout suggests wrong saved addresses,Checkout,High,Checkout vul saved addresses suggest kore.
CVV field disappears after card number entry,CVV field disappears after card number entry,Checkout,Medium,Card number dewar por CVV field chole jay.
Checkout applies sales tax to exempt items,Checkout applies sales tax to exempt items,Checkout,High,Checkout exempt items er uporo sales tax apply kore.
Mobile keyboard covers payment buttons,Mobile keyboard covers payment buttons,Checkout,Immediate,Mobile keyboard payment buttons ke dhake fele
Checkout shows 'processing' indefinitely,Checkout shows 'processing' indefinitely,Checkout,High,Checkout e 'processing' indefinitely dekhay
Cart displays wrong inventory status,Cart displays wrong inventory status,Checkout,Medium,Cart e bhul inventory status show kore
Checkout fails when using VPN,Checkout fails when using VPN,Checkout,High,VPN use korle checkout fail kore
Address fields rearrange during entry,Address fields rearrange during entry,Checkout,Immediate,Type korar shomoy address fields nijei change hoye jay
Checkout duplicates line items,Checkout duplicates line items,Checkout,High,Checkout e line items duplicate hoye jay
Payment icons fail to display properly,Payment icons fail to display properly,Checkout,Medium,Payment icons thikmoto display hoy na
Checkout shows wrong default country,Checkout shows wrong default country,Checkout,High,Checkout e bhul default country dekhay
Page jumps during credit card entry,Page jumps during credit card entry,Checkout,Immediate,Credit card enter korar shomoy page jump kore
Checkout applies wrong membership discount,Checkout applies wrong membership discount,Checkout,High,Checkout e bhul membership discount apply hoy
Saved cart shows unavailable items,Saved cart shows unavailable items,Checkout,Medium,Saved cart e unavailable items dekhay
Checkout fails after password manager autofill,Checkout fails after password manager autofill,Checkout,High,Password manager autofill use korar por checkout fail kore
Form labels mismatch with input fields,Form labels mismatch with input fields,Checkout,Immediate,Form labels gulo input fields er sathe match kore na
Checkout displays cached pricing data,Checkout displays cached pricing data,Checkout,High,Checkout e cached pricing data dekhay
Quantity selector breaks at checkout,Quantity selector breaks at checkout,Checkout,Medium,Checkout e quantity selector kaj kore na
Checkout shows wrong loyalty points balance,Checkout shows wrong loyalty points balance,Checkout,High,Checkout e bhul loyalty points balance dekhay
Browser warns of mixed content errors,Browser warns of mixed content errors,Checkout,Immediate,Browser mixed content errors er warning dey
Checkout autocompletes wrong CVV,Checkout autocompletes wrong CVV,Checkout,High,Checkout e bhul CVV autocomplete hoye jay
Shipping calculator shows impossible dates,Shipping calculator shows impossible dates,Checkout,Medium,Shipping calculator impossible dates show kore
Checkout fails when cookies are blocked,Checkout fails when cookies are blocked,Checkout,High,Cookies block thakle checkout fail kore
Credit card type detection fails,Credit card type detection fails,Checkout,Immediate,Credit card type detection kaj kore na
Checkout displays wrong currency symbol,Checkout displays wrong currency symbol,Checkout,High,Checkout e bhul currency symbol dekhay
Page elements shift during form entry,Page elements shift during form entry,Checkout,Medium,Form enter korar shomoy page elements shift kore
Checkout shows expired promotion codes,Checkout shows expired promotion codes,Checkout,High,Checkout e expired promotion codes dekhay
Password requirements hidden until error,Password requirements hidden until error,Checkout,Immediate,Error na asha porjonto password requirements hidden thake
Checkout applies wrong bulk discount,Checkout applies wrong bulk discount,Checkout,High,Checkout e bhul bulk discount apply hoy
Cart icon shows wrong item count,Cart icon shows wrong item count,Checkout,Medium,Cart icon e bhul item count dekhay
Checkout fails when adblocker is enabled,Checkout fails when adblocker is enabled,Checkout,High,Adblocker enable thakle checkout fail kore
Form submits before completion,Form submits before completion,Checkout,Immediate,Complete howar agei form submit hoye jay
Checkout displays wrong product options,Checkout displays wrong product options,Checkout,High,Checkout e bhul product options dekhay
Mobile number validation rejects valid numbers,Mobile number validation rejects valid numbers,Checkout,Medium,Mobile number validation valid numbers keo reject kore
Checkout shows wrong estimated delivery,Checkout shows wrong estimated delivery,Checkout,High,Checkout e bhul estimated delivery dekhay
Browser back button loses form data,Browser back button loses form data,Checkout,Immediate,Browser back button use korle form data chole jay
Checkout autofills old billing addresses,Checkout autofills old billing addresses,Checkout,High,Checkout purono billing addresses autofill kore
Payment method descriptions get cut off,Payment method descriptions get cut off,Checkout,Medium,Payment method descriptions kete jay
Checkout fails after browser update,Checkout fails after browser update,Checkout,High,Browser update er por checkout fail kore
Security warnings appear during checkout,Security warnings appear during checkout,Checkout,Immediate,Checkout er shomoy security warnings ashe
Checkout shows wrong reward tiers,Checkout shows wrong reward tiers,Checkout,High,Checkout e bhul reward tiers dekhay
Dropdown menus fail on touch devices,Dropdown menus fail on touch devices,Checkout,Medium,Touch devices e dropdown menus kaj kore na
Checkout calculates wrong bundle pricing,Checkout calculates wrong bundle pricing,Checkout,High,Checkout e bhul bundle pricing calculate hoy
Page reload loses applied discounts,Page reload loses applied discounts,Checkout,Immediate,Page reload korle applied discounts chole jay
Checkout displays conflicting error messages,Checkout displays conflicting error messages,Checkout,High,Checkout e conflicting error messages dekhay
Form validation triggers too early,Form validation triggers too early,Checkout,Medium,Form validation onek taratari trigger hoye jay
Checkout shows wrong subscription terms,Checkout shows wrong subscription terms,Checkout,High,Checkout e bhul subscription terms dekhay
Credit card scanning feature fails,Credit card scanning feature fails,Checkout,Immediate,Credit card scanning feature kaj kore na
Checkout suggests wrong shipping method,Checkout suggests wrong shipping method,Checkout,High,Checkout bhul shipping method suggest kore
Loading spinner never completes,Loading spinner never completes,Checkout,Medium,Loading spinner ar sesh hoy na
Checkout fails when resuming from sleep,Checkout fails when resuming from sleep,Checkout,High,Computer sleep theke wake korar por checkout fail kore
Website shows 'in stock' but order canceled for unavailable item,Website shows 'in stock' but order canceled for unavailable item,Inventory,High,Website 'in stock' dekhay kintu unavailable item er jonno order cancel hoye jay
Received different color than what was shipped,Received different color than what was shipped,Inventory,Medium,Jeta ship kora hoechilo tar theke alada color peyechi
Backordered item never arrived after 2 months,Backordered item never arrived after 2 months,Inventory,High,Backordered item 2 mash poreo ashe nai
Product page shows 10+ available but can't add to cart,Product page shows 10+ available but can't add to cart,Inventory,Medium,Product page a 10+ available dekhacche kintu cart a add kora jacche na
Received refurbished item when new was ordered,Received refurbished item when new was ordered,Inventory,Immediate,New order korle o refurbished item peyechi
Warehouse location shows stock but website says sold out,Warehouse location shows stock but website says sold out,Inventory,High,Warehouse location a stock dekhacche kintu website a sold out bolche
Item marked 'low stock' for 6 weeks but never sells out,Item marked 'low stock' for 6 weeks but never sells out,Inventory,Low,Item ta 6 week dhore 'low stock' dekhacche kintu kokhono sold out hoy na
Subscription auto-ship failed due to 'out of stock',Subscription auto-ship failed due to 'out of stock',Inventory,High,'Out of stock' er karone subscription auto-ship fail koreche
Received wrong size despite order confirmation showing correct,Received wrong size despite order confirmation showing correct,Inventory,Medium,Order confirmation a thik thaklo o wrong size peyechi
Flash sale item showed available but immediately sold out,Flash sale item showed available but immediately sold out,Inventory,High,Flash sale er item available dekhacchirom kintu shathe shathe sold out hoye gelo
Pre-order release date pushed back 3 times,Pre-order release date pushed back 3 times,Inventory,Medium,Pre-order er release date 3 bar pechano hoise
Bundle shows available but components are out of stock,Bundle shows available but components are out of stock,Inventory,High,Bundle available dekhacche kintu components gulo out of stock
Website and app show different stock levels,Website and app show different stock levels,Inventory,Immediate,Website aar app a alada alada stock level dekhacche
Received expired product despite 'fresh stock' promise,Received expired product despite 'fresh stock' promise,Inventory,High,'Fresh stock' er promise er poreo expired product peyechi
Item available for pickup but store has none,Item available for pickup but store has none,Inventory,Medium,Item pickup er jonno available kintu store a kono stock nai
Limited edition restock notification came after sellout,Limited edition restock notification came after sellout,Inventory,High,Limited edition restock er notification sellout howar pore asheche
Warehouse lost package but shows as fulfilled,Warehouse lost package but shows as fulfilled,Inventory,Medium,Warehouse package hariye pheleche kintu fulfilled dekhacche
Product discontinued after order placed,Product discontinued after order placed,Inventory,High,Order korar pore product discontinued kore dewa hoise
Received demo/floor model instead of new,Received demo/floor model instead of new,Inventory,Immediate,New er bodole demo ba floor model peyechi
Multiple warehouses show same item with different availability,Multiple warehouses show same item with different availability,Inventory,High,Multiple warehouse a same item er alada availability dekhacche
Website allows backorder but customer service says discontinued,Website allows backorder but customer service says discontinued,Inventory,Medium,Website backorder allow korche kintu customer service bolche discontinued
Item shows 'only 1 left' for 48 hours,Item shows 'only 1 left' for 48 hours,Inventory,Low,Item 48 hours dhore 'only 1 left' dekhacche
Pre-owned item sent without disclosure,Pre-owned item sent without disclosure,Inventory,High,Kono warning chara pre-owned item pathano hoise
International version received instead of domestic,International version received instead of domestic,Inventory,Medium,Domestic er bodole international version peyechi
Component missing from multi-part product,Component missing from multi-part product,Inventory,High,Multi-part product theke component missing chilo
Seasonal item removed before season ended,Seasonal item removed before season ended,Inventory,Immediate,Season shesh howar agei seasonal item remove kore newa hoise
Website shows stock but says unavailable for my region,Website shows stock but says unavailable for my region,Inventory,High,Website a stock dekhacche kintu amar region er jonno unavailable bolche
Received older model despite listing showing current,Received older model despite listing showing current,Inventory,Medium,Listing a current thaka sotheo older model peyechi
Auto-restock notification never sent,Auto-restock notification never sent,Inventory,High,Auto-restock notification kokhono ashe nai
Wrong variant shipped (matte instead of glossy),Wrong variant shipped (matte instead of glossy),Inventory,Medium,Wrong variant ship kora hoise (glossy er bodole matte)
Marketplace seller had fake stock count,Marketplace seller had fake stock count,Inventory,Immediate,Marketplace seller er fake stock count chilo
Item available for purchase but 'production delayed' email after,Item available for purchase but 'production delayed' email after,Inventory,High,Item kinar jonno available chilo kintu pore 'production delayed' email asheche
Received wrong language version of product,Received wrong language version of product,Inventory,Medium,Product er wrong language version peyechi
Website inventory doesn't sync with physical stores,Website inventory doesn't sync with physical stores,Inventory,High,Website inventory physical store er sathe sync kore na
Pre-order deposit taken but item never produced,Pre-order deposit taken but item never produced,Inventory,Immediate,Pre-order deposit newa hoise kintu item kokhono produce kora hoy nai
Warehouse damage discovered after shipping,Warehouse damage discovered after shipping,Inventory,High,Shipping er pore warehouse damage dhara poreche
Received opened/returned item as new,Received opened/returned item as new,Inventory,Medium,Opened ba returned item ke new hishebe dewa hoise
Subscription box missing key advertised item,Subscription box missing key advertised item,Inventory,High,Subscription box theke key advertised item missing chilo
Wrong edition shipped (standard instead of collector's),Wrong edition shipped (standard instead of collector's),Inventory,Medium,Wrong edition ship kora hoise (collector's er bodole standard)
Website allows purchase of clearly mistagged item,Website allows purchase of clearly mistagged item,Inventory,Immediate,Website clearly mistagged item kinar permission dicche
Received test product instead of commercial version,Received test product instead of commercial version,Inventory,High,Commercial version er bodole test product peyechi
Item shows in search but 'not carried' on product page,Item shows in search but 'not carried' on product page,Inventory,Medium,Item search a ashche kintu product page a 'not carried' bolche
Black Friday doorbuster was never in stock,Black Friday doorbuster was never in stock,Inventory,High,Black Friday doorbuster kokhono stock a chilo na
Received regional-locked version without warning,Received regional-locked version without warning,Inventory,Immediate,Kono warning chara regional-locked version peyechi
Warehouse incorrectly marked item as out of stock,Warehouse incorrectly marked item as out of stock,Inventory,High,Warehouse vul kore item ke out of stock mark koreche
Product shows 'available in 3-5 days' for 3 weeks,Product shows 'available in 3-5 days' for 3 weeks,Inventory,Medium,Product 3 week dhore 'available in 3-5 days' dekhacche
Wrong packaging (bulk instead of retail),Wrong packaging (bulk instead of retail),Inventory,High,Wrong packaging peyechi (retail er bodole bulk)
Website allows backorder but manufacturer discontinued,Website allows backorder but manufacturer discontinued,Inventory,Medium,Website backorder allow korche kintu manufacturer discontinued koreche
Received wrong regional power specifications,Received wrong regional power specifications,Inventory,Immediate,Wrong regional power specifications peyechi
Item shows 'ships today' but actually backordered,Item shows 'ships today' but actually backordered,Inventory,High,Item a 'ships today' dekhacche kintu ashole backordered
Store pickup order canceled after arrival notification,Store pickup order canceled after arrival notification,Inventory,Medium,Store pickup order ashar notification ashar pore cancel kora hoise
Received incomplete set (3/4 pieces),Received incomplete set (3/4 pieces),Inventory,High,Incomplete set peyechi (3/4 pieces)
Website shows stock at nearby stores but all show zero,Website shows stock at nearby stores but all show zero,Inventory,Immediate,Website e kase-pisher store gulate stock dekhacche kintu shob gulay zero dekhacche.
Wrong firmware version pre-installed,Wrong firmware version pre-installed,Inventory,High,Wrong firmware version pre-installed kora.
Pre-order delivery date passed without update,Pre-order delivery date passed without update,Inventory,Medium,Pre-order delivery date chole geche kono update chara.
Received product with different ingredients than listed,Received product with different ingredients than listed,Inventory,High,List kora ingredients er shathe match kore na emon product peyechi.
Marketplace seller dropshipped from unreliable source,Marketplace seller dropshipped from unreliable source,Inventory,Medium,Marketplace seller unreliable source theke dropship koreche.
Item shows 'low stock' but identical bundle available,Item shows 'low stock' but identical bundle available,Inventory,Immediate,Item 'low stock' dekhacche kintu tar moto identical bundle available ache.
Received wrong regional voltage adapter,Received wrong regional voltage adapter,Inventory,High,Wrong regional voltage adapter peyechi.
Website shows 'available to ship' but actually made-to-order,Website shows 'available to ship' but actually made-to-order,Inventory,Medium,Website e 'available to ship' dekhacche kintu eta actually made-to-order.
Product discontinued during shipping,Product discontinued during shipping,Inventory,High,Shipping er shomoy product discontinued hoye geche.
Received wrong regional media format (PAL vs NTSC),Received wrong regional media format (PAL vs NTSC),Inventory,Medium,Wrong regional media format (PAL vs NTSC) peyechi.
Warehouse system shows stock but can't locate item,Warehouse system shows stock but can't locate item,Inventory,Immediate,Warehouse system e stock dekhacche kintu item khuje pacche na.
Item shows 'in stock' but requires special order,Item shows 'in stock' but requires special order,Inventory,High,Item 'in stock' dekhacche kintu special order lage.
Subscription replacement for damaged item out of stock,Subscription replacement for damaged item out of stock,Inventory,Medium,Damaged item er jonno subscription replacement stock out.
Received wrong product generation (v1 instead of v2),Received wrong product generation (v1 instead of v2),Inventory,High,Wrong product generation peyechi (v2 er bodole v1).
Website allows purchase of pre-production prototype,Website allows purchase of pre-production prototype,Inventory,Medium,Website pre-production prototype purchase korte dicche.
Item available in cart but disappears during checkout,Item available in cart but disappears during checkout,Inventory,Immediate,Item cart e available thake kintu checkout er shomoy gaib hoye jay.
Received wrong regional safety certification,Received wrong regional safety certification,Inventory,High,Wrong regional safety certification peyechi.
Store claims inventory system error after driving to location,Store claims inventory system error after driving to location,Inventory,Medium,Location e jawar por store inventory system error er kotha bolche.
Product shows 'limited stock' at all locations,Product shows 'limited stock' at all locations,Inventory,High,Shob location e product 'limited stock' dekhacche.
Website lists wrong packaging quantity,Website lists wrong packaging quantity,Inventory,Medium,Website wrong packaging quantity list koreche.
Received wrong regional language documentation,Received wrong regional language documentation,Inventory,Immediate,Wrong regional language documentation peyechi.
Warehouse shipped wrong SKU from same product line,Warehouse shipped wrong SKU from same product line,Inventory,High,Warehouse same product line theke wrong SKU ship koreche.
Item shows 'available soon' for 6+ months,Item shows 'available soon' for 6+ months,Inventory,Medium,Item 6 masher beshi shomoy dhore 'available soon' dekhacche.
Subscription option disappeared despite 'ongoing availability',Subscription option disappeared despite 'ongoing availability',Inventory,High,'Ongoing availability' thaka shottew subscription option gaib hoye geche.
Received display model with demo firmware,Received display model with demo firmware,Inventory,Medium,Demo firmware wala display model peyechi.
Website shows stock but requires vendor approval,Website shows stock but requires vendor approval,Inventory,Immediate,Website stock dekhacche kintu vendor approval lage.
Item available for business accounts but not consumers,Item available for business accounts but not consumers,Inventory,High,Item business accounts er jonno available kintu consumers er jonno na.
Store inventory doesn't match online reservation system,Store inventory doesn't match online reservation system,Inventory,Medium,Store inventory online reservation system er shathe milche na.
Received wrong regional power cable,Received wrong regional power cable,Inventory,High,Wrong regional power cable peyechi.
Website allows purchase of recalled item,Website allows purchase of recalled item,Inventory,Medium,Website recalled item purchase korte dicche.
Item shows 'available at all stores' but none have it,Item shows 'available at all stores' but none have it,Inventory,Immediate,Item 'available at all stores' dekhacche kintu kono store e nei.
Received wrong product variant (scent/flavor),Received wrong product variant (scent/flavor),Inventory,High,Wrong product variant (scent/flavor) peyechi.
Warehouse shipped from wrong fulfillment zone,Warehouse shipped from wrong fulfillment zone,Inventory,Medium,Warehouse wrong fulfillment zone theke ship koreche.
Product shows 'back in stock' but old version,Product shows 'back in stock' but old version,Inventory,High,Product 'back in stock' dekhacche kintu eta puraton version.
Website inventory doesn't account for in-cart items,Website inventory doesn't account for in-cart items,Inventory,Medium,Website inventory cart-e thaka item gulo count kore na.
Received wrong regional warranty card,Received wrong regional warranty card,Inventory,Immediate,Wrong regional warranty card peyechi.
Item shows 'exclusive availability' but widely available,Item shows 'exclusive availability' but widely available,Inventory,High,Item 'exclusive availability' dekhacche kintu shobjay available.
Store inventory system shows ghost stock,Store inventory system shows ghost stock,Inventory,Medium,Store inventory system ghost stock dekhacche.
Received wrong product line (professional vs consumer),Received wrong product line (professional vs consumer),Inventory,High,Wrong product line (professional vs consumer) peyechi.
Website allows purchase of test-listing product,Website allows purchase of test-listing product,Inventory,Medium,Website test-listing product purchase korte dicche.
Item shows 'new stock arriving tomorrow' indefinitely,Item shows 'new stock arriving tomorrow' indefinitely,Inventory,Immediate,Item 'new stock arriving tomorrow' infinite time dhore dekhacche.
Received wrong regional version despite geo-block,Received wrong regional version despite geo-block,Inventory,High,Geo-block thaka shottew wrong regional version peyechi.
Warehouse system and physical stock don't match,Warehouse system and physical stock don't match,Inventory,Medium,Warehouse system and physical stock match korche na.
Product shows 'limited edition' but constantly restocked,Product shows 'limited edition' but constantly restocked,Inventory,High,Product 'limited edition' dekhacche kintu continuous restock hocche.
Website inventory updates lag by 24+ hours,Website inventory updates lag by 24+ hours,Inventory,Medium,Website inventory 24+ hours lag kore update hote.
Received wrong product configuration (memory/storage),Received wrong product configuration (memory/storage),Inventory,Immediate,Wrong product configuration (memory/storage) peyechi.
Item shows 'only available in combo' but sold separately,Item shows 'only available in combo' but sold separately,Inventory,High,Item 'only available in combo' dekhacche kintu alada bhabe sold hocche.
Store inventory shows negative quantities,Store inventory shows negative quantities,Inventory,Medium,Store inventory negative quantities dekhacche.
Received wrong regional safety labels,Received wrong regional safety labels,Inventory,High,Wrong regional safety labels peyechi.
Website shows phantom inventory from 3rd party sellers,Website shows phantom inventory from 3rd party sellers,Inventory,Medium,Website 3rd party sellers er phantom inventory dekhacche.
Item shows 'available' but actually special order,Item shows 'available' but actually special order,Inventory,Immediate,Item 'available' dekhacche kintu ashole special order
Received counterfeit product instead of genuine,Received counterfeit product instead of genuine,Product Quality,Immediate,Asol product er bodole counterfeit product peyechi
Item arrived with critical safety defect,Item arrived with critical safety defect,Product Quality,High,Item critical safety defect niye esheche
Product material completely different from description,Product material completely different from description,Product Quality,Immediate,Product er material description thekecompletely alada
Electronics arrived water damaged,Electronics arrived water damaged,Product Quality,High,Electronics water damaged obosthay esheche
Clothing sizing wildly inaccurate to measurements,Clothing sizing wildly inaccurate to measurements,Product Quality,Medium,Clothing er sizing measurements er theke onek beshi inaccurate
Food product contained undeclared allergen,Food product contained undeclared allergen,Product Quality,Immediate,Food product e undeclared allergen chilo
Luxury item received with obvious used/worn marks,Luxury item received with obvious used/worn marks,Product Quality,High,Luxury item e obvious used/worn marks peyechi
Product missing essential components,Product missing essential components,Product Quality,Medium,Product e essential components missing ache
Appliance arrived with factory defect preventing use,Appliance arrived with factory defect preventing use,Product Quality,High,Appliance factory defect niye esheche ja use kora jacche na
Cosmetics caused allergic reaction contrary to claims,Cosmetics caused allergic reaction contrary to claims,Product Quality,Immediate,Cosmetics claim er ulto allergic reaction korse
Furniture arrived with structural integrity issues,Furniture arrived with structural integrity issues,Product Quality,High,Furniture structural integrity issues niye esheche
Product photos show features that don't exist,Product photos show features that don't exist,Product Quality,Medium,Product photos e emon features dekhacche ja nai
Device battery life 90% less than advertised,Device battery life 90% less than advertised,Product Quality,High,Device er battery life advertised er theke 90% kom
Received expired medication,Received expired medication,Product Quality,Immediate,Expired medication peyechi
Jewelry stones fell out within days,Jewelry stones fell out within days,Product Quality,High,Jewelry er stones koyek diner modhye pore gese
Product dimensions incorrect by more than 25%,Product dimensions incorrect by more than 25%,Product Quality,Medium,Product dimensions 25% er beshi incorrect
Fabric content label deliberately misleading,Fabric content label deliberately misleading,Product Quality,High,Fabric content label deliberately misleading
Electronics lack safety certifications claimed,Electronics lack safety certifications claimed,Product Quality,Immediate,Electronics e claim kora safety certifications nai
Toy arrived with choking hazards not disclosed,Toy arrived with choking hazards not disclosed,Product Quality,High,Toy er shathe choking hazards undisclosed chilo
Designer item received with poor craftsmanship,Designer item received with poor craftsmanship,Product Quality,Medium,Designer item poor craftsmanship niye esheche
Product performance significantly below specs,Product performance significantly below specs,Product Quality,High,Product performance specs er theke significantly niche
Food packaging contained foreign object,Food packaging contained foreign object,Product Quality,Immediate,Food packaging er bhitor foreign object chilo
Received obvious factory second/defective item,Received obvious factory second/defective item,Product Quality,High,Obvious factory second/defective item peyechi
Product instructions completely inaccurate,Product instructions completely inaccurate,Product Quality,Medium,Product instructions completely inaccurate
Device arrived with dangerous electrical fault,Device arrived with dangerous electrical fault,Product Quality,High,Device dangerous electrical fault niye esheche
Clothing seams unraveled after first wash,Clothing seams unraveled after first wash,Product Quality,Immediate,First wash er por e clothing seams khule gese
Product weight substantially less than advertised,Product weight substantially less than advertised,Product Quality,High,Product weight advertised er theke substantially kom
Cosmetics arrived contaminated/moldy,Cosmetics arrived contaminated/moldy,Product Quality,Medium,Cosmetics contaminated/moldy obosthay esheche
Furniture finish completely different from sample,Furniture finish completely different from sample,Product Quality,High,Furniture finish sample er theke completely alada
Equipment lacks basic safety features advertised,Equipment lacks basic safety features advertised,Product Quality,Immediate,Equipment e advertised basic safety features nai
Received product from different brand entirely,Received product from different brand entirely,Product Quality,High,Ekdom alada brand er product peyechi
Item arrived with chemical smell/off-gassing,Item arrived with chemical smell/off-gassing,Product Quality,Medium,Item chemical smell/off-gassing niye esheche
Product lifespan 10% of what was guaranteed,Product lifespan 10% of what was guaranteed,Product Quality,High,Product lifespan guarantee kora shomoyer 10% matro
Food product spoiled before expiration date,Food product spoiled before expiration date,Product Quality,Immediate,Expiration date er agei food product noshto hoye gese
Electronics arrived with tampered serial numbers,Electronics arrived with tampered serial numbers,Product Quality,High,Electronics tampered serial numbers niye esheche
Clothing colors drastically different from photos,Clothing colors drastically different from photos,Product Quality,Medium,Clothing colors photos theke drastically alada
Product packaging falsely claims awards,Product packaging falsely claims awards,Product Quality,High,Product packaging e false awards claim korse
Device arrived with critical firmware bugs,Device arrived with critical firmware bugs,Product Quality,Immediate,Device critical firmware bugs niye esheche
Jewelry plating wore off immediately,Jewelry plating wore off immediately,Product Quality,High,Jewelry plating shiggir-i uthe gese
Product arrived with undisclosed refurbished parts,Product arrived with undisclosed refurbished parts,Product Quality,Medium,Product undisclosed refurbished parts niye esheche
Appliance missing required certification marks,Appliance missing required certification marks,Product Quality,High,Appliance e required certification marks missing ache
Cosmetics texture completely different from sample,Cosmetics texture completely different from sample,Product Quality,Immediate,Cosmetics texture sample theke completely alada
Furniture arrived with untreated sharp edges,Furniture arrived with untreated sharp edges,Product Quality,High,Furniture untreated sharp edges niye esheche
Product specifications deliberately overstated,Product specifications deliberately overstated,Product Quality,Medium,Product specifications deliberately overstated kora hoyeche
Toy broke during normal use as intended,Toy broke during normal use as intended,Product Quality,High,Toy normal use korar shomoy-i venge gese
Food product nutritional info inaccurate,Food product nutritional info inaccurate,Product Quality,Immediate,Food product nutritional info inaccurate
Received product with undisclosed damage,Received product with undisclosed damage,Product Quality,High,Undisclosed damage thaka product peyechi
Device arrived with incompatible regional specs,Device arrived with incompatible regional specs,Product Quality,Medium,Device incompatible regional specs niye esheche
Clothing fabric tore under normal tension,Clothing fabric tore under normal tension,Product Quality,High,Normal tensioner modhyei clothing fabric chire gese
Product arrived with unauthorized modifications,Product arrived with unauthorized modifications,Product Quality,Immediate,Product ta unauthorized modifications er shathe ashche.
Electronics lack ports shown in marketing,Electronics lack ports shown in marketing,Product Quality,High,Electronics gulate marketing a dekhano ports gula nai.
Luxury item materials much cheaper than described,Luxury item materials much cheaper than described,Product Quality,Medium,Luxury item er materials description er theke onek beshi cheap.
Product arrived with mismatched components,Product arrived with mismatched components,Product Quality,High,Product ta mismatched components er shathe ashche.
Appliance failed first use contrary to warranty,Appliance failed first use contrary to warranty,Product Quality,Immediate,Warranty thaka shottew appliance ta first use a-i noshto hoye geche.
Cosmetics caused reaction despite 'hypoallergenic',Cosmetics caused reaction despite 'hypoallergenic',Product Quality,High,'Hypoallergenic' bola thaka shottew cosmetics reaction korche.
Furniture joints failed during assembly,Furniture joints failed during assembly,Product Quality,Medium,Furniture er joints gula assembly korar shomoy bhenge geche.
Product arrived with undisclosed used parts,Product arrived with undisclosed used parts,Product Quality,High,Product ta undisclosed used parts er shathe ashche.
Device performance claims completely false,Device performance claims completely false,Product Quality,Immediate,Device er performance claims completely fake.
Jewelry arrived with undisclosed synthetic stones,Jewelry arrived with undisclosed synthetic stones,Product Quality,High,Jewelry ta undisclosed synthetic stones er shathe ashche.
Food product taste/texture nothing like sample,Food product taste/texture nothing like sample,Product Quality,Medium,Food product er taste ba texture sample er moto ekdom-i na.
Product arrived with safety recall notice,Product arrived with safety recall notice,Product Quality,High,Product ta safety recall notice er shathe ashche.
Electronics ports don't match specifications,Electronics ports don't match specifications,Product Quality,Immediate,Electronics er ports specifications er shathe match kore na.
Clothing dye bled excessively during first wash,Clothing dye bled excessively during first wash,Product Quality,High,Clothing er dye first wash a onek beshi bleed korse.
Product arrived with wrong firmware region lock,Product arrived with wrong firmware region lock,Product Quality,Medium,Product ta wrong firmware region lock er shathe ashche.
Toy paint contained lead above legal limits,Toy paint contained lead above legal limits,Product Quality,High,Toy er paint legal limits er cheye beshi lead chilo.
Appliance arrived with factory recall defect,Appliance arrived with factory recall defect,Product Quality,Immediate,Appliance ta factory recall defect er shathe ashche.
Cosmetics shade completely mismatched to photo,Cosmetics shade completely mismatched to photo,Product Quality,High,Cosmetics er shade photo er shathe ekdom match kore nai.
Furniture arrived with untreated splinters,Furniture arrived with untreated splinters,Product Quality,Medium,Furniture ta untreated splinters er shathe ashche.
Product key features don't actually exist,Product key features don't actually exist,Product Quality,High,Product er key features gula ashole-i nai.
Device arrived with critical design flaw,Device arrived with critical design flaw,Product Quality,Immediate,Device ta critical design flaw er shathe ashche.
Jewelry clasp broke immediately,Jewelry clasp broke immediately,Product Quality,High,Jewelry er clasp shathe shathe bhenge geche.
Food product contained insect contamination,Food product contained insect contamination,Product Quality,Medium,Food product er bhitore insect contamination chilo.
Product arrived with undisclosed size limitations,Product arrived with undisclosed size limitations,Product Quality,High,Product ta undisclosed size limitations er shathe ashche.
Electronics thermal performance dangerously poor,Electronics thermal performance dangerously poor,Product Quality,Immediate,Electronics er thermal performance dangerously poor.
Clothing arrived with undisclosed 'irregular' tag,Clothing arrived with undisclosed 'irregular' tag,Product Quality,High,Clothing ta undisclosed 'irregular' tag er shathe ashche.
Product materials degrade abnormally fast,Product materials degrade abnormally fast,Product Quality,Medium,Product er materials abnormally fast degrade korche.
Toy included small parts despite 'choking hazard',Toy included small parts despite 'choking hazard',Product Quality,High,'Choking hazard' thaka shottew toy er modhye small parts chilo.
Appliance arrived with incompatible power specs,Appliance arrived with incompatible power specs,Product Quality,Immediate,Appliance ta incompatible power specs er shathe ashche.
Cosmetics leaked due to faulty packaging,Cosmetics leaked due to faulty packaging,Product Quality,High,Faulty packaging er karone cosmetics leak korse.
Furniture arrived with mismatched finishes,Furniture arrived with mismatched finishes,Product Quality,Medium,Furniture ta mismatched finishes er shathe ashche.
Product arrived with undisclosed subscription,Product arrived with undisclosed subscription,Product Quality,High,Product ta undisclosed subscription er shathe ashche.
Device lacks basic functions advertised,Device lacks basic functions advertised,Product Quality,Immediate,Device a advertised basic functions gula nai.
Jewelry arrived with fake hallmark stamps,Jewelry arrived with fake hallmark stamps,Product Quality,High,Jewelry ta fake hallmark stamps er shathe ashche.
Food product cooking instructions dangerous,Food product cooking instructions dangerous,Product Quality,Medium,Food product er cooking instructions dangerous.
Product arrived with undisclosed DRM,Product arrived with undisclosed DRM,Product Quality,High,Product ta undisclosed DRM er shathe ashche.
Electronics arrived with wrong regional voltage,Electronics arrived with wrong regional voltage,Product Quality,Immediate,Electronics ta wrong regional voltage er shathe ashche.
Clothing sizing chart completely inaccurate,Clothing sizing chart completely inaccurate,Product Quality,High,Clothing er sizing chart completely inaccurate.
Product arrived with unauthorized third-party parts,Product arrived with unauthorized third-party parts,Product Quality,Medium,Product ta unauthorized third-party parts er shathe ashche.
Toy safety warnings in wrong language,Toy safety warnings in wrong language,Product Quality,High,Toy er safety warnings vul language a chilo.
Appliance arrived with cut power cord,Appliance arrived with cut power cord,Product Quality,Immediate,Appliance ta cut power cord er shathe ashche.
Cosmetics arrived with broken safety seal,Cosmetics arrived with broken safety seal,Product Quality,High,Cosmetics broken safety seal er shathe ashche.
Furniture arrived with structural cracks,Furniture arrived with structural cracks,Product Quality,Medium,Furniture ta structural cracks er shathe ashche.
Product arrived with undisclosed required accessories,Product arrived with undisclosed required accessories,Product Quality,High,Product ta undisclosed required accessories er shathe ashche.
Device arrived with critical manufacturing defect,Device arrived with critical manufacturing defect,Product Quality,Immediate,Device ta critical manufacturing defect er shathe ashche.
Jewelry arrived with wrong gemstone cut,Jewelry arrived with wrong gemstone cut,Product Quality,High,Jewelry ta wrong gemstone cut er shathe ashche.
Food product arrived with compromised packaging,Food product arrived with compromised packaging,Product Quality,Medium,Food product compromised packaging er shathe ashche.
Product arrived with undisclosed performance limits,Product arrived with undisclosed performance limits,Product Quality,High,Product ta undisclosed performance limits er shathe ashche.
Electronics arrived with wrong regional plugs,Electronics arrived with wrong regional plugs,Product Quality,Immediate,Electronics ta wrong regional plugs er shathe ashche.
Clothing arrived with undisclosed 'final sale',Clothing arrived with undisclosed 'final sale',Product Quality,High,Clothing ta undisclosed 'final sale' er shathe ashche.
Product materials react dangerously to water,Product materials react dangerously to water,Product Quality,Medium,Product er material shob water e dangerous vabe react korche
Toy arrived with sharp protrusions,Toy arrived with sharp protrusions,Product Quality,High,Toy ta sharp protrusion shathe niye arrive koreche
Appliance arrived with factory testing residue,Appliance arrived with factory testing residue,Product Quality,Immediate,Appliance ta factory testing er residue niye arrive koreche
Cosmetics arrived with separated ingredients,Cosmetics arrived with separated ingredients,Product Quality,High,Cosmetics gulo separated ingredients shathe arrive koreche
Furniture arrived with incorrect assembly hardware,Furniture arrived with incorrect assembly hardware,Product Quality,Medium,Furniture ta incorrect assembly hardware shathe arrive koreche
Product arrived with undisclosed account requirement,Product arrived with undisclosed account requirement,Product Quality,High,Product ta undisclosed account requirement shathe arrive koreche
Return label never provided despite policy,Return label never provided despite policy,Returns,High,Policy thaka sotteo return label kkhono deya hoyni
Refund processed but not received after 30 days,Refund processed but not received after 30 days,Returns,Immediate,Refund process hoyeche kintu 30 diner moddhe pawa jayni
Return tracking shows delivered but refund not issued,Return tracking shows delivered but refund not issued,Returns,High,Return tracking e dekhachhe delivered kintu refund deya hoyni
Prepaid return label is invalid at carrier,Prepaid return label is invalid at carrier,Returns,Medium,Prepaid return label ta carrier er kase invalid
Return initiated but no RMA number provided,Return initiated but no RMA number provided,Returns,High,Return initiate kora hoyeche kintu kono RMA number deya hoyni
Return shipping costs deducted without warning,Return shipping costs deducted without warning,Returns,High,Kono warning chara return shipping cost deduct kora hoyeche
Return package refused at warehouse,Return package refused at warehouse,Returns,Medium,Warehouse e return package refuse kora hoyeche
Partial refund issued without explanation,Partial refund issued without explanation,Returns,High,Explanation chara partial refund issue kora hoyeche
Return label charges unexpected customs fees,Return label charges unexpected customs fees,Returns,Immediate,Return label unexpected customs fee generate korche
Return status shows 'processing' indefinitely,Return status shows 'processing' indefinitely,Returns,High,Return status indefinitely 'processing' dekhachhe
Refund amount differs from return receipt,Refund amount differs from return receipt,Returns,Medium,Refund amount return receipt er sathe milche na
Return instructions contradict policy,Return instructions contradict policy,Returns,High,Return instructions policy ke contradict korche
Return label generates error when printing,Return label generates error when printing,Returns,Immediate,Print korar shomoy return label error generate korche
Refund delayed for 'additional inspection',Refund delayed for 'additional inspection',Returns,High,'Additional inspection' er jonno refund delay hochhe
Return requires original packaging that wasn't kept,Return requires original packaging that wasn't kept,Returns,Medium,Return er jonno original packaging lagche ja rakha hoyni
Return tracking never updates after drop-off,Return tracking never updates after drop-off,Returns,High,Drop-off er por return tracking kkhono update hoy na
Refund processed as store credit without consent,Refund processed as store credit without consent,Returns,Immediate,Consent chara store credit hisebe refund process kora hoyeche
Return portal crashes during submission,Return portal crashes during submission,Returns,High,Submission er shomoy return portal crash korche
Return rejected for missing barcode that was included,Return rejected for missing barcode that was included,Returns,Medium,"Je barcode shamil chilo, sheta missing thakay return reject kora hoyeche"
Refund missing return shipping reimbursement,Refund missing return shipping reimbursement,Returns,High,Refund er moddhe return shipping reimbursement missing ache
Return label has wrong warehouse address,Return label has wrong warehouse address,Returns,Immediate,Return label e vul warehouse address ache
Return status never updates from 'initiated',Return status never updates from 'initiated',Returns,High,Return status kkhono 'initiated' theke update hoy na
Refund held for undisclosed restocking fee,Refund held for undisclosed restocking fee,Returns,Medium,Undisclosed restocking fee er jonno refund hold kora hoyeche
Return requires receipt despite online account,Return requires receipt despite online account,Returns,High,Online account thaka sotteo return er jonno receipt lagche
Return label expired before use,Return label expired before use,Returns,Immediate,Use korar agei return label expire hoye geche
Refund delayed due to 'high return volume',Refund delayed due to 'high return volume',Returns,High,'High return volume' er karone refund delay hochhe
Return items lost by carrier but no resolution,Return items lost by carrier but no resolution,Returns,Medium,Carrier return items gulo hariye feleche kintu kono resolution nei
Refund issued in wrong currency,Refund issued in wrong currency,Returns,High,Vul currency te refund issue kora hoyeche
Return requires in-store visit despite online purchase,Return requires in-store visit despite online purchase,Returns,Immediate,Online purchase kora sotteo return er jonno in-store visit korte bolche
Return label missing from packaging as promised,Return label missing from packaging as promised,Returns,High,"Jemon promise kora hoychilo, packaging theke return label missing chilo"
Refund processed before return was received,Refund processed before return was received,Returns,Medium,Return pawar agei refund process kora hoyeche
Return rejected for minor box damage,Return rejected for minor box damage,Returns,High,Box er minor damage er jonno return reject kora hoyeche
Return shipping costs higher than estimated,Return shipping costs higher than estimated,Returns,Immediate,Return shipping cost estimated er cheye beshi
Return portal asks for unreasonable documentation,Return portal asks for unreasonable documentation,Returns,Medium,Return portal unreasonable documentation chaiche
Return label prints with unreadable barcode,Return label prints with unreadable barcode,Returns,High,Return label unreadable barcode shathe print hochhe
Refund delayed for 'manual processing',Refund delayed for 'manual processing',Returns,Immediate,'Manual processing' er jonno refund delay hochhe
Return requires original payment method no longer available,Return requires original payment method no longer available,Returns,High,"Je original payment method r available nei, return er jonno shetai lagche"
Return tracking shows delivered but marked 'not received',Return tracking shows delivered but marked 'not received',Returns,Medium,Return tracking e delivered dekhachhe kintu 'not received' mark kora ache
Refund amount excludes taxes paid,Refund amount excludes taxes paid,Returns,High,Refund amount e pay kora taxes exclude kora hoyeche
Return label has incorrect weight limit,Return label has incorrect weight limit,Returns,Immediate,Return label e incorrect weight limit ache
Return rejected for being 'too late' despite on time,Return rejected for being 'too late' despite on time,Returns,High,On time thaka sotteo 'too late' boleo return reject kora hoyeche
Refund processed to closed bank account,Refund processed to closed bank account,Returns,Medium,Closed bank account e refund process kora hoyeche
Return requires product photos but no option to upload,Return requires product photos but no option to upload,Returns,High,Return er jonno product photos lagche kintu upload korar kono option nei
Return label missing return authorization number,Return label missing return authorization number,Returns,Immediate,Return label e return authorization number missing ache
Refund delayed due to 'account verification',Refund delayed due to 'account verification',Returns,High,Account verification er karone refund late hocche
Return items damaged in transit due to poor packaging,Return items damaged in transit due to poor packaging,Returns,Medium,Porer packaging er karone transit e return items damage hoyeche
Refund processed as multiple partial payments,Refund processed as multiple partial payments,Returns,High,Refund ta multiple partial payments hishabe process kora hoyeche
Return requires unreasonably precise repackaging,Return requires unreasonably precise repackaging,Returns,Immediate,Return er jonno amonvabe repackaging korte bolche ja onek beshi jhamelapurno
Return label shipping method slower than promised,Return label shipping method slower than promised,Returns,High,Return label er shipping method jeta bola hoyechilo tar theke slow chilo
Refund missing loyalty points earned,Refund missing loyalty points earned,Returns,Medium,Refund er shathe earned loyalty points gulo add hoyni
Return rejected for missing tags that were never removed,Return rejected for missing tags that were never removed,Returns,High,Je tags gulo kokhono sorayni shegulo nei bole return reject kora hoyeche
Return portal forces unnecessary exchange first,Return portal forces unnecessary exchange first,Returns,Immediate,Return portal age unnecessary exchange korte force korche
Refund delayed due to 'fraud review',Refund delayed due to 'fraud review',Returns,High,Fraud review er karone refund delay hocche
Return requires original shipping box that was recycled,Return requires original shipping box that was recycled,Returns,Medium,Return er jonno original shipping box lagbe jeta recycle kore fela hoyechilo
Return tracking shows exception but no follow-up,Return tracking shows exception but no follow-up,Returns,High,Return tracking e exception dekhacche kintu kono follow-up nei
Refund issued as different payment type,Refund issued as different payment type,Returns,Immediate,Refund ta alada ekta payment type e dewa hoyeche
Return label has incorrect return address,Return label has incorrect return address,Returns,High,Return label e vul return address dewa ache
Refund processed before return was inspected,Refund processed before return was inspected,Returns,Medium,Return inspect korar agei refund process kore fela hoyeche
Return rejected for 'unauthorized return method',Return rejected for 'unauthorized return method',Returns,High,Unauthorized return method er karone return reject kora hoyeche
Return requires notarized affidavit,Return requires notarized affidavit,Returns,Immediate,Return er jonno notarized affidavit lagbe
Refund delayed due to 'system migration',Refund delayed due to 'system migration',Returns,High,System migration er karone refund delay hocche
Return items lost by warehouse with no compensation,Return items lost by warehouse with no compensation,Returns,Medium,Warehouse return items gulo hariye feleche kintu kono compensation dayni
Refund missing gift wrapping fees,Refund missing gift wrapping fees,Returns,High,Refund er shathe gift wrapping fees gulo dewa hoyni
Return label has incorrect weight causing fees,Return label has incorrect weight causing fees,Returns,Immediate,Return label e weight vul thakay extra fees ashche
Return rejected for 'excessive wear' on defective item,Return rejected for 'excessive wear' on defective item,Returns,High,Defective item e excessive wear er karone return reject kora hoyeche
Refund processed to wrong customer account,Refund processed to wrong customer account,Returns,Medium,Refund ta vul customer account e send kora hoyeche
Return requires video evidence of packaging,Return requires video evidence of packaging,Returns,High,Return er jonno packaging er video evidence chaowa hocche
Return label charges return shipping despite free returns,Return label charges return shipping despite free returns,Returns,Immediate,Free returns thaka shottew return label e return shipping charge katche
Refund delayed due to 'third-party seller',Refund delayed due to 'third-party seller',Returns,High,Third-party seller er karone refund delay hocche
Return rejected for missing accessories that were included,Return rejected for missing accessories that were included,Returns,Medium,Je accessories gulo shathe dewa hoyechilo shegulo nei bole return reject kora hoyeche
Refund issued before return was approved,Refund issued before return was approved,Returns,High,Return approve howar agei refund diye dewa hoyeche
Return requires original payment card present,Return requires original payment card present,Returns,Immediate,Return er jonno original payment card present rakhte bolche
Return label has incorrect item count,Return label has incorrect item count,Returns,High,Return label e item count vul ache
Refund processed with undisclosed currency conversion,Refund processed with undisclosed currency conversion,Returns,Medium,Undisclosed currency conversion diye refund process kora hoyeche
Return rejected for 'resale condition' requirements,Return rejected for 'resale condition' requirements,Returns,High,Resale condition requirements er karone return reject kora hoyeche
Return portal doesn't accept international returns,Return portal doesn't accept international returns,Returns,Immediate,Return portal international returns accept kore na
Refund delayed due to 'bank processing',Refund delayed due to 'bank processing',Returns,High,Bank processing er karone refund delay hocche
Return items damaged by warehouse during inspection,Return items damaged by warehouse during inspection,Returns,Medium,Inspection er shomoy warehouse er lokjon return items damage kore feleche
Refund missing promotional discount amount,Refund missing promotional discount amount,Returns,High,Refund er shathe promotional discount amount add hoyni
Return label invalid for international addresses,Return label invalid for international addresses,Returns,Immediate,International address er jonno return label invalid
Return rejected for 'missing parts' that weren't included,Return rejected for 'missing parts' that weren't included,Returns,High,Je parts gulo shathe dewa chilo na shegulo missing bole return reject kora hoyeche
Refund processed after chargeback initiated,Refund processed after chargeback initiated,Returns,Medium,Chargeback initiate korar por refund process kora hoyeche
Return requires original gift receipt unavailable,Return requires original gift receipt unavailable,Returns,High,Original gift receipt nei tai return korte parchi na
Return label has incorrect declared value,Return label has incorrect declared value,Returns,Immediate,Return label e declared value vul ache
Refund delayed due to 'account discrepancy',Refund delayed due to 'account discrepancy',Returns,High,Account discrepancy er karone refund delay hocche
Return rejected for 'unauthorized return reason',Return rejected for 'unauthorized return reason',Returns,Medium,Unauthorized return reason er karone return reject kora hoyeche
Refund issued to wrong currency wallet,Refund issued to wrong currency wallet,Returns,High,Vul currency wallet e refund send kora hoyeche
Return requires in-person notary verification,Return requires in-person notary verification,Returns,Immediate,Return er jonno in-person notary verification lagbe
Return label has incorrect customs declaration,Return label has incorrect customs declaration,Returns,High,Return label e customs declaration vul ache
Refund processed with unauthorized deductions,Refund processed with unauthorized deductions,Returns,Medium,Unauthorized deductions keete refund process kora hoyeche
Return rejected for 'incomplete form' that was completed,Return rejected for 'incomplete form' that was completed,Returns,High,Form fill up korar poro incomplete form bole return reject kora hoyeche
Return portal crashes when uploading receipt,Return portal crashes when uploading receipt,Returns,Immediate,Receipt upload korte gele return portal crash kore
Refund delayed due to 'payment processor error',Refund delayed due to 'payment processor error',Returns,High,Payment processor error er karone refund delay hocche
Return items lost after warehouse receipt,Return items lost after warehouse receipt,Returns,Medium,Warehouse e pawar poro return items gulo hariye geche
Refund missing original shipping fees,Refund missing original shipping fees,Returns,High,Original shipping fees bad diye refund dewa hocche na
Return label has incorrect item description,Return label has incorrect item description,Returns,Immediate,Return label er item description bhul ache
Return rejected for 'policy changed after purchase',Return rejected for 'policy changed after purchase',Returns,High,Kinar por policy change hoise ei karone return reject kora hoise
Refund processed to expired gift card,Refund processed to expired gift card,Returns,Medium,Expired gift card e refund pathano hoise
Return requires original packaging destroyed during unboxing,Return requires original packaging destroyed during unboxing,Returns,High,Unboxing er shomoy noshto hoye jawa original packaging return er jonno chai
Can't login - 'invalid credentials' with correct info,Can't login - 'invalid credentials' with correct info,Account,High,Login korte parchi na - shothik info dewa sotheo 'invalid credentials' boltese
Account locked after one failed attempt,Account locked after one failed attempt,Account,Medium,Ekbar fail korar pori account lock hoye geche
Two-factor authentication codes not arriving,Two-factor authentication codes not arriving,Account,High,Two-factor authentication code ashtese na
Password reset link expires immediately,Password reset link expires immediately,Account,Immediate,Password reset link shonge shonge expire hoye jacche
Account shows someone else's information,Account shows someone else's information,Account,High,Account e onno karo info show kortese
Session logs out randomly during use,Session logs out randomly during use,Account,Medium,Use korar shomoy session random bhabe logout hoye jacche
Email change option doesn't work,Email change option doesn't work,Account,High,Email change korar option kaj kortese na
Username recovery feature broken,Username recovery feature broken,Account,Immediate,Username recovery feature noshto hoye ache
Account created but no verification email,Account created but no verification email,Account,High,Account toiri hoise kintu kono verification email ashe nai
Browser autofill breaks login form,Browser autofill breaks login form,Account,Medium,Browser autofill login form ke noshto kore dicche
CAPTCHA never loads on login page,CAPTCHA never loads on login page,Account,High,Login page e CAPTCHA konodin load hoy na
Account shows purchases I didn't make,Account shows purchases I didn't make,Account,Immediate,Account e emon purchase show kortese je gulo ami kori nai
Password requirements too restrictive,Password requirements too restrictive,Account,Low,Password er requirement gulo khuboi strict
Login works on app but not website,Login works on app but not website,Account,High,App e login hoy kintu website e hoy na
Account merged with stranger's by system error,Account merged with stranger's by system error,Account,Immediate,System error er karone onno karo shathe account merge hoye geche
Security questions reset themselves,Security questions reset themselves,Account,High,Security question gulo nije nije reset hoye jacche
Biometric login fails consistently,Biometric login fails consistently,Account,Medium,Biometric login protibar fail kortese
Account suspended without explanation,Account suspended without explanation,Account,High,Kono explanation chara account suspend kora hoise
Remember me function doesn't work,Remember me function doesn't work,Account,Immediate,'Remember me' function kaj kortese na
Password shows 'too common' when unique,Password shows 'too common' when unique,Account,Medium,Unique howa sotheo password e 'too common' dekhacche
Account shows wrong membership tier,Account shows wrong membership tier,Account,High,Account e bhul membership tier show kortese
Login page vulnerable to brute force attacks,Login page vulnerable to brute force attacks,Account,Immediate,Login page ta brute force attack er shmukhine pore
Email updates don't confirm old address,Email updates don't confirm old address,Account,High,Email update korle puraton address confirm kore na
Account activity shows unknown devices,Account activity shows unknown devices,Account,Medium,Account activity e unknown device show kortese
Password history prevents reusing old passwords,Password history prevents reusing old passwords,Account,High,Password history puraton password abar use korte dei na
Social media login integration broken,Social media login integration broken,Account,Immediate,Social media login integration broken hoye ache
Account deletion option doesn't work,Account deletion option doesn't work,Account,High,Account delete korar option kaj kortese na
Login attempts from foreign countries ignored,Login attempts from foreign countries ignored,Account,Medium,Bidesh theke login attempt gulo ignore kora hoise
Account shows wrong default currency,Account shows wrong default currency,Account,High,Account e bhul default currency show kortese
Security alert emails never arrive,Security alert emails never arrive,Account,Immediate,Security alert email kokhono ashe na
Password manager incompatible with login,Password manager incompatible with login,Account,High,Password manager login er shathe compatible na
Account recovery asks impossible questions,Account recovery asks impossible questions,Account,Medium,Account recovery te obhishobbo question jiggesh kore
Login session expires too quickly,Login session expires too quickly,Account,High,Login session khub taratari expire hoye jacche
Account shows incorrect birth date,Account shows incorrect birth date,Account,Immediate,Account e bhul birth date show kortese
Two-step verification can't be disabled,Two-step verification can't be disabled,Account,High,Two-step verification disable kora jacche na
Password reset asks for old password,Password reset asks for old password,Account,Medium,Password reset korte gele puraton password jiggesh kore
Account locked due to 'suspicious activity',Account locked due to 'suspicious activity',Account,High,'Suspicious activity' er karone account lock kore dewa hoise
Login page doesn't support special characters,Login page doesn't support special characters,Account,Immediate,Login page e special character support kore na
Account shows wrong preferred language,Account shows wrong preferred language,Account,High,Account e bhul preferred language show kortese
Security image feature displays wrong image,Security image feature displays wrong image,Account,Medium,Security image feature e bhul image dekhacche
Password change forces unnecessary complexity,Password change forces unnecessary complexity,Account,High,Password change korar shomoy unnecessary complexity create kore
Account access given to ex-spouse,Account access given to ex-spouse,Account,Immediate,Ex-spouse ke account er access dewa hoise
Login fails when using VPN,Login fails when using VPN,Account,High,VPN use korle login fail kore
Account shows outdated payment methods,Account shows outdated payment methods,Account,Medium,Account e puraton payment method show kortese
Password expiration too frequent,Password expiration too frequent,Account,High,Password khub taratari expire hoye jacche
Account creation allows obvious fake emails,Account creation allows obvious fake emails,Account,Immediate,Account creation e obvious fake email allow korche
Login page missing HTTPS encryption,Login page missing HTTPS encryption,Account,High,Login page e HTTPS encryption missing
Account shows wrong loyalty points,Account shows wrong loyalty points,Account,Medium,Account e bhul loyalty points dekhaocche
Security certificate warnings during login,Security certificate warnings during login,Account,High,Login er shomoy security certificate warning asche
Password reset sends plaintext temp password,Password reset sends plaintext temp password,Account,Immediate,Password reset korle plaintext temp password pathacche
Account displays wrong purchase history,Account displays wrong purchase history,Account,High,Account e bhul purchase history dekhaocche
Login attempts don't show IP/location,Login attempts don't show IP/location,Account,Medium,Login attempt er shomoy IP ba location dekhaocche na
Account settings revert after saving,Account settings revert after saving,Account,High,Save korar por account settings abar purber obosthay chole jacche
Password complexity rules hidden until error,Password complexity rules hidden until error,Account,Immediate,Error na asha porjonto password complexity rules dekha jacche na
Account shows incorrect tax information,Account shows incorrect tax information,Account,High,Account e incorrect tax information dekhaocche
Login page vulnerable to phishing,Login page vulnerable to phishing,Account,Medium,Login page phishing er shmukhin ba vulnerable
Account recovery options outdated,Account recovery options outdated,Account,High,Account recovery options gulo purono ba outdated
Password sharing allowed between accounts,Password sharing allowed between accounts,Account,Immediate,Account gulo er majhe password share kora allow korche
Account shows wrong subscription status,Account shows wrong subscription status,Account,High,Account e bhul subscription status dekhaocche
Login timeout too short for complex tasks,Login timeout too short for complex tasks,Account,Medium,Complex kajer jonno login timeout onek beshi choto
Account security audit logs missing,Account security audit logs missing,Account,High,Account security audit logs missing ache
Password hints visible to all users,Password hints visible to all users,Account,Immediate,Password hints shob user der dekha jacche
Account displays wrong shipping addresses,Account displays wrong shipping addresses,Account,High,Account e bhul shipping addresses dekhaocche
Login page stores credentials in cache,Login page stores credentials in cache,Account,Medium,Login page credentials cache e store kore rakhe
Account permissions changed without notice,Account permissions changed without notice,Account,High,Kono notice chara account permissions change hoye geche
Password reset doesn't verify identity,Password reset doesn't verify identity,Account,Immediate,Password reset korar shomoy identity verify kore na
Account shows wrong credit balance,Account shows wrong credit balance,Account,High,Account e bhul credit balance dekhaocche
Login attempts from same IP unlimited,Login attempts from same IP unlimited,Account,Medium,Ek-i IP theke login attempts unlimited
Account security questions too predictable,Account security questions too predictable,Account,High,Account security questions gulo onek beshi predictable
Password emailed in confirmation message,Password emailed in confirmation message,Account,Immediate,Confirmation message er shomoy password email kore dewa hocche
Account shows incorrect privacy settings,Account shows incorrect privacy settings,Account,High,Account e incorrect privacy settings dekhaocche
Login page doesn't time out properly,Login page doesn't time out properly,Account,Medium,Login page thikmoto time out hoy na
Account verification too intrusive,Account verification too intrusive,Account,High,Account verification onek beshi intrusive
Password rules differ across platforms,Password rules differ across platforms,Account,Immediate,Platform gulo te password rules alada alada
Account shows wrong account age,Account shows wrong account age,Account,High,Account e bhul account age dekhaocche
Login page missing brute force protection,Login page missing brute force protection,Account,Medium,Login page e brute force protection missing ache
Account takeover with minimal verification,Account takeover with minimal verification,Account,High,Alpo kichu verification diyei account takeover hoye jacche
Password recovery exposes username,Password recovery exposes username,Account,Immediate,Password recovery korle username ber hoye ashe
Account displays wrong contact preferences,Account displays wrong contact preferences,Account,High,Account e bhul contact preferences dekhaocche
Login session persists after logout,Login session persists after logout,Account,Medium,Logout korar por o login session theke jacche
Account security notifications missing,Account security notifications missing,Account,High,Account security notifications missing ache
Password change doesn't log out devices,Password change doesn't log out devices,Account,Immediate,Password change korle onnanno device theke log out hoy na
Account shows wrong reward tiers,Account shows wrong reward tiers,Account,High,Account e bhul reward tiers dekhaocche
Login page autocomplete not disabled,Login page autocomplete not disabled,Account,Medium,Login page e autocomplete disable kora nei
Account activity logs incomplete,Account activity logs incomplete,Account,High,Account activity logs gulo incomplete ache
Password reset questions hackable,Password reset questions hackable,Account,Immediate,Password reset questions gulo hack kora jay
Account shows incorrect VIP status,Account shows incorrect VIP status,Account,High,Account e incorrect VIP status dekhaocche
Login attempts not throttled,Login attempts not throttled,Account,Medium,Login attempts gulo throttle kora hocche na
Account security audit missing,Account security audit missing,Account,High,Account security audit missing ache
Password reuse across services allowed,Password reuse across services allowed,Account,Immediate,Alada alada service e ek-i password use kora allow kore
Account displays wrong membership date,Account displays wrong membership date,Account,High,Account e bhul membership date dekhaocche
Login page vulnerable to XSS attacks,Login page vulnerable to XSS attacks,Account,Medium,Login page XSS attacks er proti vulnerable
Account permissions too broad,Account permissions too broad,Account,High,Account permissions gulo onek beshi broad
Password complexity not enforced,Password complexity not enforced,Account,Immediate,Password complexity enforce kora hocche na
Account shows wrong purchase limits,Account shows wrong purchase limits,Account,High,Account e bhul purchase limits dekhaocche
Login session sharing allowed,Login session sharing allowed,Account,Medium,Login session sharing allow korche.
Account security features outdated,Account security features outdated,Account,High,Account security features gulo onek purono.
Password reset via unverified email,Password reset via unverified email,Account,Immediate,Unverified email diye password reset hocche.
Account displays wrong business type,Account displays wrong business type,Account,High,Account e bhul business type show korche.
Login page missing security headers,Login page missing security headers,Account,Medium,Login page e security headers nei.
Account recovery too easy,Account recovery too easy,Account,High,Account recovery onek beshi sohoj.
Password expiration notices missing,Password expiration notices missing,Account,Immediate,Password expiration er notice asche na.
Account shows wrong credit tier,Account shows wrong credit tier,Account,High,Account e bhul credit tier show korche.
Login attempts from Tor allowed,Login attempts from Tor allowed,Account,Medium,Tor theke login attempts allow korche.
Account security questions visible,Account security questions visible,Account,High,Account er security questions shobar samne visible.
Password history not maintained,Password history not maintained,Account,Immediate,Password history maintain korche na.
Coupon code says 'expired' but is still valid,Coupon code says 'expired' but is still valid,Promotions,Medium,Coupon code bolche 'expired' kintu eta akhono valid.
Flash sale price disappeared at checkout,Flash sale price disappeared at checkout,Promotions,Immediate,Flash sale er price checkout er shomoy gayeb hoye geche.
Discount applied to wrong items in cart,Discount applied to wrong items in cart,Promotions,High,Cart er bhul item er upor discount chole geche.
Promo email showed wrong discount amount,Promo email showed wrong discount amount,Promotions,Medium,Promo email e bhul discount amount dekhachilo.
BOGO offer only applied to cheaper item,BOGO offer only applied to cheaper item,Promotions,High,BOGO offer shudhu shobcheye shosta item tar upor apply hoyeche.
Limited-time sale ended 3 hours early,Limited-time sale ended 3 hours early,Promotions,Immediate,Limited-time sale 3 ghonta agei shesh hoye geche.
Coupon stackable despite 'one per order' rule,Coupon stackable despite 'one per order' rule,Promotions,Medium,'One per order' rule thaka sotteo coupon stack kora jacche.
Price changed in cart during checkout,Price changed in cart during checkout,Promotions,High,Checkout er shomoy cart er price change hoye geche.
Exclusive promo code not working for target users,Exclusive promo code not working for target users,Promotions,Immediate,Exclusive promo code target users der jonno kaj korche na.
Member discount didn't apply automatically,Member discount didn't apply automatically,Promotions,High,Member discount nij theke apply hoyni.
Coupon required minimum spend not disclosed,Coupon required minimum spend not disclosed,Promotions,Medium,Coupon er jonno minimum spend koto lagbe seta boleni.
Early access sale opened to everyone,Early access sale opened to everyone,Promotions,High,Early access sale shobar jonno khule dewa hoyeche.
Bundle discount calculated incorrectly,Bundle discount calculated incorrectly,Promotions,Immediate,Bundle discount bhulbhal calculate hoyeche.
Promo showed '50% off' but only 30% applied,Promo showed '50% off' but only 30% applied,Promotions,High,Promo te '50% off' dekhachilo kintu shudhu 30% discount peyechi.
Coupon valid only on full-price items (hidden rule),Coupon valid only on full-price items (hidden rule),Promotions,Medium,Coupon shudhu full-price item er upor valid (eta lukano rule chilo).
Price mistake honored then canceled,Price mistake honored then canceled,Promotions,High,Price mistake honor kore abar cancel kore dilo.
Birthday coupon never arrived,Birthday coupon never arrived,Promotions,Immediate,Birthday coupon to kokhono asloi na.
Student discount required unreasonable verification,Student discount required unreasonable verification,Promotions,High,Student discount er jonno unnecessary verification chaiche.
Coupon worked but then order was canceled,Coupon worked but then order was canceled,Promotions,Medium,Coupon kaj korechilo kintu tarpor order cancel hoye geche.
Price increased right before sale started,Price increased right before sale started,Promotions,High,Sale shuru howar ag muhurte price baria dise.
Promo excluded items shown in ad,Promo excluded items shown in ad,Promotions,Immediate,Ad e je item gulo chilo promo shegulo exclude kore dise.
First-time buyer discount didn't apply,First-time buyer discount didn't apply,Promotions,High,First-time buyer discount apply hoyni.
Coupon limited to wrong product category,Coupon limited to wrong product category,Promotions,Medium,Coupon ta bhul product category te limit kora chilo.
Secret sale price visible in cart briefly,Secret sale price visible in cart briefly,Promotions,High,Secret sale er price cart e kichu khoner jonno visible chilo.
Reward points discount capped unexpectedly,Reward points discount capped unexpectedly,Promotions,Immediate,Reward points discount unexpected bhabe cap kore dise.
Promo email had broken redemption link,Promo email had broken redemption link,Promotions,High,Promo email er redemption link broken chilo.
Coupon required account creation at checkout,Coupon required account creation at checkout,Promotions,Medium,Checkout er shomoy coupon use korar jonno account create korte bolche.
Black Friday deal not honored in-store,Black Friday deal not honored in-store,Promotions,High,Black Friday deal in-store honor koreni.
Price glitch showed $1 items,Price glitch showed $1 items,Promotions,Immediate,Price glitch er karone $1 kore item dekhachilo.
Military discount required annual reverification,Military discount required annual reverification,Promotions,High,Military discount er jonno protibar bochor sheshe reverify korte hoy.
Coupon only worked on mobile app (not web),Coupon only worked on mobile app (not web),Promotions,Medium,Coupon shudhu mobile app e kaj korche (web e na).
Limited stock sale showed available when sold out,Limited stock sale showed available when sold out,Promotions,High,Limited stock sale e sold out howar poreo available dekhachilo.
Promo excluded sizes not mentioned,Promo excluded sizes not mentioned,Promotions,Immediate,Promo te je size gulo exclude chilo shegulo mention koreni.
Referral discount didn't apply for both parties,Referral discount didn't apply for both parties,Promotions,High,Referral discount dujon user er keu-i pelo na.
Coupon required social media post proof,Coupon required social media post proof,Promotions,Medium,Coupon er jonno social media post er proof chaiche.
Price match denied for identical item,Price match denied for identical item,Promotions,High,Ek-i item er jonno price match deny kore dise.
Promo countdown timer reset repeatedly,Promo countdown timer reset repeatedly,Promotions,Immediate,Promo er countdown timer bar bar reset hocche.
New customer offer available to existing users,New customer offer available to existing users,Promotions,High,New customer offer existing users rao pacche.
Coupon terms changed after distribution,Coupon terms changed after distribution,Promotions,Medium,Distribute korar por coupon er terms change kore dise.
Sale price showed before login only,Sale price showed before login only,Promotions,High,Login korar agei shudhu sale price dekhaiche
Bulk discount tiers calculated wrong,Bulk discount tiers calculated wrong,Promotions,Immediate,Bulk discount er tier gula vul vabe calculate hoiche
Promo banner showed expired discount,Promo banner showed expired discount,Promotions,High,Promo banner a expired discount dekhaiche
Coupon didn't stack with clearance items,Coupon didn't stack with clearance items,Promotions,Medium,Clearance item er shathe coupon stack hoyni
Price error blamed on 'system glitch',Price error blamed on 'system glitch',Promotions,High,Price error er dosh 'system glitch' er upor deya hoiche
Limited edition restock excluded from sale,Limited edition restock excluded from sale,Promotions,Immediate,Limited edition restock sale theke bad deya hoiche
Promo required newsletter signup after purchase,Promo required newsletter signup after purchase,Promotions,High,Purchase er por promo er jonno newsletter signup chaiche
Coupon valid only at certain hours (undisclosed),Coupon valid only at certain hours (undisclosed),Promotions,Medium,Coupon shudhu nirdishto shomoy er jonno valid chilo (ja age bola hoyni)
Sale extended but prices increased,Sale extended but prices increased,Promotions,High,Sale extend kora hoiche kintu price bariye deya hoiche
Price showed discount before adding to cart,Price showed discount before adding to cart,Promotions,Immediate,Cart a add korar age price discount dekhacchi
Promo items removed from cart automatically,Promo items removed from cart automatically,Promotions,High,Promo item gula cart theke nijei remove hoye geche
Coupon required minimum quantity not shown,Coupon required minimum quantity not shown,Promotions,Medium,Coupon er jonno minimum quantity dorkar chilo ja dekhayni
Early bird special sold out instantly,Early bird special sold out instantly,Promotions,High,Early bird special shonge shonge sold out hoye geche
Discount showed in cart but not checkout,Discount showed in cart but not checkout,Promotions,Immediate,Cart a discount dekhacchi kintu checkout a na
Promo excluded payment methods not listed,Promo excluded payment methods not listed,Promotions,High,Promo a emon payment method bad deya hoiche ja list a chilona
Coupon code case-sensitive without indication,Coupon code case-sensitive without indication,Promotions,Medium,Coupon code case-sensitive chilo kintu kono indication chilona
Price increased during coupon application,Price increased during coupon application,Promotions,High,Coupon apply korar shomoy price bere geche
Member-only sale leaked to public,Member-only sale leaked to public,Promotions,Immediate,Member-only sale public hoye geche
Promo required survey completion post-purchase,Promo required survey completion post-purchase,Promotions,High,Purchase er por promo er jonno survey complete korte bola hoiche
Coupon didn't work with gift cards,Coupon didn't work with gift cards,Promotions,Medium,Gift card er shathe coupon kaj koreni
Sale countdown showed wrong timezone,Sale countdown showed wrong timezone,Promotions,High,Sale countdown a vul timezone dekhaiche
Price mistake on multi-pack items,Price mistake on multi-pack items,Promotions,Immediate,Multi-pack item gulate price vul chilo
Promo items changed after campaign started,Promo items changed after campaign started,Promotions,High,Campaign shuru howar por promo item change kora hoiche
Coupon required app download to activate,Coupon required app download to activate,Promotions,Medium,Coupon activate korar jonno app download korte bola hoiche
Limited-quantity deal showed no limit,Limited-quantity deal showed no limit,Promotions,High,Limited-quantity deal a kono limit dekhayni
Discount disappeared when changing quantity,Discount disappeared when changing quantity,Promotions,Immediate,Quantity change korar shomoy discount milie geche
Promo credit expired before notification,Promo credit expired before notification,Promotions,High,Notification ashar agei promo credit expire hoye geche
Coupon only for first-time use (undisclosed),Coupon only for first-time use (undisclosed),Promotions,Medium,Coupon shudhu first-time use er jonno chilo (ja age bola hoyni)
Price showed after rebate (not instant),Price showed after rebate (not instant),Promotions,High,Price rebate er por dekhaiche (instant na)
Secret sale page found via Google search,Secret sale page found via Google search,Promotions,Immediate,Google search kore secret sale page paoya geche
Promo required in-store pickup for online order,Promo required in-store pickup for online order,Promotions,High,Online order er jonno promo a in-store pickup lagse
Coupon valid only for future purchases,Coupon valid only for future purchases,Promotions,Medium,Coupon shudhu future purchase er jonno valid
Sale price showed to some users but not others,Sale price showed to some users but not others,Promotions,High,Sale price kichu user ke dekhacchi kintu shobai ke na
Price glitch during currency conversion,Price glitch during currency conversion,Promotions,Immediate,Currency conversion er shomoy price glitch korse
Promo items had hidden higher shipping,Promo items had hidden higher shipping,Promotions,High,Promo item gular hidden higher shipping chilo
Coupon required minimum spend after tax,Coupon required minimum spend after tax,Promotions,Medium,Tax er por minimum spend diye coupon apply korte hoiche
Limited-time offer timer ran too fast,Limited-time offer timer ran too fast,Promotions,High,Limited-time offer er timer khub fast cholchilo
Discount applied then removed post-purchase,Discount applied then removed post-purchase,Promotions,Immediate,Discount apply hoye abar purchase er por remove hoye geche
Promo excluded colors not mentioned,Promo excluded colors not mentioned,Promotions,High,Promo a emon color bad deya hoiche ja mention kora chilona
Coupon worked only with specific payment,Coupon worked only with specific payment,Promotions,Medium,Coupon shudhu nirdishto payment er shathe kaj korse
Price showed discount from inflated MSRP,Price showed discount from inflated MSRP,Promotions,High,Inflated MSRP theke discount price dekhaiche
Early access sale had broken queue system,Early access sale had broken queue system,Promotions,Immediate,Early access sale er queue system broken chilo
Promo required following social accounts,Promo required following social accounts,Promotions,High,Promo er jonno social account follow korte bola hoiche
Coupon didn't work on sale items (undisclosed),Coupon didn't work on sale items (undisclosed),Promotions,Medium,Sale item er upor coupon kaj koreni (ja age bola hoyni)
Bulk discount didn't apply automatically,Bulk discount didn't apply automatically,Promotions,High,Bulk discount nijei apply hoyni
Price showed before mandatory fees,Price showed before mandatory fees,Promotions,Immediate,Mandatory fee er age price dekhaiche
Promo items had different return policy,Promo items had different return policy,Promotions,High,Promo item gular alada return policy chilo
Coupon required age verification at checkout,Coupon required age verification at checkout,Promotions,Medium,Checkout er shomoy coupon er jonno age verification lagse
Sale advertised wrong percentage off,Sale advertised wrong percentage off,Promotions,High,Sale a vul percentage off advertise kora hoiche
Discount code leaked before launch,Discount code leaked before launch,Promotions,Immediate,Launch er age discount code leak hoye geche
Promo required manual credit after purchase,Promo required manual credit after purchase,Promotions,High,Purchase er por promo er jonno manual credit lagse
Coupon valid only for certain regions,Coupon valid only for certain regions,Promotions,Medium,Coupon ta shudhu nirdishto kisu region er jonno valid
Price showed comparison to wrong product,Price showed comparison to wrong product,Promotions,High,Price ta vul product er sathe comparison dekhiyeche
VIP sale allowed non-VIPs to checkout,VIP sale allowed non-VIPs to checkout,Promotions,Immediate,VIP sale e non-VIP rao checkout korte pereche
Promo items had no warranty coverage,Promo items had no warranty coverage,Promotions,High,Promo item gulor kono warranty coverage chilo na
Coupon required minimum account age,Coupon required minimum account age,Promotions,Medium,Coupon er jonno account er minimum age lagto
Sale price showed only after email signup,Sale price showed only after email signup,Promotions,High,Sale price shudhu email signup er por dekhiyeche
Price error blamed on 'caching issue',Price error blamed on 'caching issue',Promotions,Immediate,Price error er jonno 'caching issue' ke dosh dewa hoise
Promo excluded certain configurations,Promo excluded certain configurations,Promotions,High,Promo er baire kisu configuration chilo
Coupon required video testimonial,Coupon required video testimonial,Promotions,Medium,Coupon er jonno video testimonial lagse
Limited stock showed available at all stores,Limited stock showed available at all stores,Promotions,High,Limited stock shob store e available dekhiyeche
Discount didn't apply to required accessories,Discount didn't apply to required accessories,Promotions,Immediate,Discount ta required accessories er upor apply hoyni
Promo credit split across future orders,Promo credit split across future orders,Promotions,High,Promo credit future order gulote split kore dewa hoise
Coupon required biometric verification,Coupon required biometric verification,Promotions,Medium,Coupon er jonno biometric verification lagse
Sale advertised limited colors but all worked,Sale advertised limited colors but all worked,Promotions,High,Sale e limited color bolleo shobgulo kaj koreche
Price showed dynamic pricing fluctuations,Price showed dynamic pricing fluctuations,Promotions,Immediate,Price e dynamic pricing fluctuations dekhechi
Promo items had different specs,Promo items had different specs,Promotions,High,Promo item gulor specs alada chilo
Coupon required friend's purchase first,Coupon required friend's purchase first,Promotions,Medium,Coupon er jonno age bondhur purchase korte hoise
Early access sale had broken password system,Early access sale had broken password system,Promotions,High,Early access sale er password system nosto chilo
Discount terms changed post-launch,Discount terms changed post-launch,Promotions,Immediate,Discount terms launch er por change hoyeche
Package marked 'delivered' but never arrived,Package marked 'delivered' but never arrived,Shipping,Immediate,Package 'delivered' dekhaleo kkhono pouhoni
Carrier left package in obvious theft location,Carrier left package in obvious theft location,Shipping,High,Carrier package ta emon jaygay rekheche jekhane churi howar shombhabona chilo
Wrong shipping method used despite selection,Wrong shipping method used despite selection,Shipping,Medium,Selection kora sotteo vul shipping method use kora hoise
Address autofill inserted incorrect unit number,Address autofill inserted incorrect unit number,Shipping,High,Address autofill vul unit number diye diyeche
International shipment stuck in customs,International shipment stuck in customs,Shipping,Immediate,International shipment customs e atke ache
Carrier rerouted package to wrong state,Carrier rerouted package to wrong state,Shipping,High,Carrier package ta vul state e pathiye diyeche
Signature required but left without signature,Signature required but left without signature,Shipping,Medium,Signature dorkar chilo kintu signature charai rekhe geche
Address change requested but ignored,Address change requested but ignored,Shipping,High,Address change korte bolechilam kintu ignore kora hoise
Package damaged during transit (crushed box),Package damaged during transit (crushed box),Shipping,Immediate,Transit er shomoy package nosto hoye geche (box crushed chilo)
Carrier delivered to neighbor without permission,Carrier delivered to neighbor without permission,Shipping,High,Carrier permission charai neighbor er kase deliver koreche
Shipping label printed with wrong zip code,Shipping label printed with wrong zip code,Shipping,Medium,Shipping label ta vul zip code diye print hoyeche
Express shipping took longer than standard,Express shipping took longer than standard,Shipping,High,Express shipping standard er cheye beshi shomoy niyeche
Package left in rain without protection,Package left in rain without protection,Shipping,Immediate,Protection charai package bristi te fele rakha hoise
Carrier marked 'delivery attempted' but no notice,Carrier marked 'delivery attempted' but no notice,Shipping,High,Carrier 'delivery attempted' likheche kintu kono notice dei ni
Address confirmation email had typos,Address confirmation email had typos,Shipping,Medium,Address confirmation email e spelling mistake chilo
Signature confirmation package left unattended,Signature confirmation package left unattended,Shipping,High,Signature confirmation er package unattended fele geche
International duties higher than calculated,International duties higher than calculated,Shipping,Immediate,International duties calculate korar cheye beshi eseche
Carrier delivered to wrong business hours,Carrier delivered to wrong business hours,Shipping,High,Carrier vul business hours e deliver koreche
Shipping weight incorrect causing overcharge,Shipping weight incorrect causing overcharge,Shipping,Medium,Shipping weight vul thakay beshi charge kora hoise
Package scanned at wrong facility repeatedly,Package scanned at wrong facility repeatedly,Shipping,High,Package bar bar vul facility te scan kora hocche
Address autocomplete removed apartment number,Address autocomplete removed apartment number,Shipping,Immediate,Address autocomplete apartment number remove kore diyeche
Carrier left perishables in hot sun,Carrier left perishables in hot sun,Shipping,High,Carrier roddure gorom e perishable items fele rekheche
Signature forged on delivery confirmation,Signature forged on delivery confirmation,Shipping,Medium,Delivery confirmation e signature forgery kora hoise
Shipping insurance claim denied unfairly,Shipping insurance claim denied unfairly,Shipping,High,Shipping insurance claim unfair vabe deny kora hoise
Package dimensions misreported by carrier,Package dimensions misreported by carrier,Shipping,Immediate,Carrier package er dimension vul report koreche
Carrier refused to climb stairs for delivery,Carrier refused to climb stairs for delivery,Shipping,High,Carrier delivery er jonno siri beyeye upore jete chayni
Address change option disappeared at checkout,Address change option disappeared at checkout,Shipping,Medium,Checkout er shomoy address change option chole giyechilo
Signature required but delivered to wrong person,Signature required but delivered to wrong person,Shipping,High,Signature dorkar chilo kintu vul byektir kase deliver kora hoise
International package returned to sender,International package returned to sender,Shipping,Immediate,International package sender er kase return chole geche
Carrier left 'fragile' package upside down,Carrier left 'fragile' package upside down,Shipping,High,Carrier 'fragile' package ulta kore fele rekheche
Shipping cost calculated incorrectly,Shipping cost calculated incorrectly,Shipping,Medium,Shipping cost thikbhabe calculate hoyni
Package marked 'undeliverable' with good address,Package marked 'undeliverable' with good address,Shipping,High,Thik address thaka sotteo package ke 'undeliverable' dekhano hocche
Address verification rejected valid address,Address verification rejected valid address,Shipping,Immediate,Address verification valid address ke reject kore diyeche
Carrier delivered to vacant neighboring property,Carrier delivered to vacant neighboring property,Shipping,High,Carrier khali porar moto pashrorti property te deliver koreche
Shipping delay due to carrier mis-sort,Shipping delay due to carrier mis-sort,Shipping,Medium,Carrier er mis-sort er karone shipping delay hoyeche
Package lost between carrier facilities,Package lost between carrier facilities,Shipping,High,Carrier er facility gulo r moddhe package hariye geche
Address autofill used outdated information,Address autofill used outdated information,Shipping,Immediate,Address autofill purono information use koreche
Carrier left package visible from street,Carrier left package visible from street,Shipping,High,Carrier rasta theke dekha jay emon jaygay package rekhe geche
Shipping label damaged during transit,Shipping label damaged during transit,Shipping,Medium,Transit er shomoy shipping label noshto hoyeche
Package delivered to wrong city with similar name,Package delivered to wrong city with similar name,Shipping,High,Same namer bhul city te package deliver kora hoyeche
Address change deadline passed too quickly,Address change deadline passed too quickly,Shipping,Immediate,Address change er deadline khub taratari shesh hoye geche
Carrier left package at closed business,Carrier left package at closed business,Shipping,High,Carrier bondho business er samne package rekhe geche
Shipping notification came after delivery,Shipping notification came after delivery,Shipping,Medium,Delivery er por shipping notification asche
Package scanned as delivered one day early,Package scanned as delivered one day early,Shipping,High,Ek din agei package ke delivered hishabe scan kora hoyeche
Address system doesn't accept special characters,Address system doesn't accept special characters,Shipping,Immediate,Address system kono special character accept korche na
Carrier refused to release without ID present,Carrier refused to release without ID present,Shipping,High,ID chara carrier package dite raji hoyni
Shipping method downgraded without notice,Shipping method downgraded without notice,Shipping,Medium,Kono notice chara shipping method downgrade kora hoyeche
Package left with unauthorized building staff,Package left with unauthorized building staff,Shipping,High,Unauthorized building staff er kase package rekhe dewa hoyeche
Address fields rearranged during checkout,Address fields rearranged during checkout,Shipping,Immediate,Checkout er shomoy address fields gulo olot-palot hoye geche
Carrier delivered to wrong floor in apartment,Carrier delivered to wrong floor in apartment,Shipping,High,Carrier apartment er bhul floor e deliver koreche
Shipping cost not shown until final step,Shipping cost not shown until final step,Shipping,Medium,Final step er age shipping cost dekhayni
Package marked 'weather delay' falsely,Package marked 'weather delay' falsely,Shipping,High,Mithe kore package ke 'weather delay' bola hoyeche
Address auto-correct changed valid input,Address auto-correct changed valid input,Shipping,Immediate,Address auto-correct valid input change kore diyeche
Carrier left package at wrong business entrance,Carrier left package at wrong business entrance,Shipping,High,Carrier bhul business entrance e package rekhe geche
Shipping timeline estimates were inaccurate,Shipping timeline estimates were inaccurate,Shipping,Medium,Shipping timeline estimates thik chilo na
Package shows 'in transit' for 3 weeks,Package shows 'in transit' for 3 weeks,Shipping,High,Package 3 week dhore 'in transit' dekhacche
Address system rejected PO Box unnecessarily,Address system rejected PO Box unnecessarily,Shipping,Immediate,Address system proyojon chara PO Box reject koreche
Carrier delivered to wrong unit in complex,Carrier delivered to wrong unit in complex,Shipping,High,Carrier complex er bhul unit e deliver koreche
Shipping restrictions not disclosed upfront,Shipping restrictions not disclosed upfront,Shipping,Medium,Shipping restrictions ag theke bola hoyni
Package rerouted to carrier's wrong facility,Package rerouted to carrier's wrong facility,Shipping,High,Package carrier er bhul facility te reroute kora hoyeche
Address confirmation didn't show corrections,Address confirmation didn't show corrections,Shipping,Immediate,Address confirmation e kono correction dekhayni
Carrier left package at demolition site,Carrier left package at demolition site,Shipping,High,Carrier bhangchur ba demolition site e package rekhe geche
Shipping label missing return address,Shipping label missing return address,Shipping,Medium,Shipping label e return address nei
Package dimensions caused oversized fees,Package dimensions caused oversized fees,Shipping,High,Package er size er karone oversized fees dhora hoyeche
Address change required phone confirmation,Address change required phone confirmation,Shipping,Immediate,Address change korar jonno phone confirmation lagse
Carrier delivered to previous tenant,Carrier delivered to previous tenant,Shipping,High,Carrier purono tenant er kase deliver koreche
Shipping options disappeared at checkout,Shipping options disappeared at checkout,Shipping,Medium,Checkout er shomoy shipping options gayeb hoye geche
Package scanned 'delivered' while on truck,Package scanned 'delivered' while on truck,Shipping,High,Truck e thakar shomoy package ke 'delivered' scan kora hoyeche
Address system doesn't support military addresses,Address system doesn't support military addresses,Shipping,Immediate,Address system military address support kore na
Carrier left perishables without refrigeration,Carrier left perishables without refrigeration,Shipping,High,Carrier refrigeration chara perishables rekhe geche
Shipping price changed after address entered,Shipping price changed after address entered,Shipping,Medium,Address dewar por shipping price change hoye geche
Package stuck at 'label created' for days,Package stuck at 'label created' for days,Shipping,High,Koyek din dhore package 'label created' e stuck hoye ache
Address autofill ignored manual corrections,Address autofill ignored manual corrections,Shipping,Immediate,Address autofill manual corrections gulo ignore koreche
Carrier delivered to wrong rural mailbox,Carrier delivered to wrong rural mailbox,Shipping,High,Carrier bhul rural mailbox e deliver koreche
Shipping method unavailable after order placed,Shipping method unavailable after order placed,Shipping,Medium,Order korar por shipping method unavailable hoye geche
Package weight changed during transit,Package weight changed during transit,Shipping,High,Transit er shomoy package er weight change hoye geche
Address system merged two valid addresses,Address system merged two valid addresses,Shipping,Immediate,Address system duita valid address ke ek kore feleche
Carrier left package at construction site,Carrier left package at construction site,Shipping,High,Carrier construction site e package rekhe geche
Shipping deadline passed without pickup,Shipping deadline passed without pickup,Shipping,Medium,Pickup na korei shipping deadline shesh hoye geche
Package contents shifted due to poor packing,Package contents shifted due to poor packing,Shipping,High,Kharap packing er karone package er contentshorie geche
Address change required faxed request,Address change required faxed request,Shipping,Immediate,Address change korar jonno faxed request lagtese
Carrier delivered to similarly named business,Carrier delivered to similarly named business,Shipping,High,Carrier ekta similar namer business-e deliver koreche
Shipping restrictions changed post-purchase,Shipping restrictions changed post-purchase,Shipping,Medium,Purchase-er por shipping restrictions change hoye geche
Package marked 'delivered' before shipping,Package marked 'delivered' before shipping,Shipping,High,Shipping korar agei package 'delivered' dekhacche
Address system truncated long street names,Address system truncated long street names,Shipping,Immediate,Address system lomba street names cut kore diyeche
Carrier left package at wrong dorm building,Carrier left package at wrong dorm building,Shipping,High,Carrier vul dorm building-e package rekhe geche
Shipping cost higher than advertised,Shipping cost higher than advertised,Shipping,Medium,Shipping cost advertised-er theke beshi
Package routing added unnecessary stops,Package routing added unnecessary stops,Shipping,High,Package routing unnecessary stops add koreche
Address confirmation didn't include country,Address confirmation didn't include country,Shipping,Immediate,Address confirmation-e country chilo na
Carrier delivered to wrong military base,Carrier delivered to wrong military base,Shipping,High,Carrier vul military base-e deliver koreche
Shipping speed not honored despite payment,Shipping speed not honored despite payment,Shipping,Medium,Payment kora sotteo shipping speed maintain kora hoyni
Package scanned at impossible locations,Package scanned at impossible locations,Shipping,High,Package impossible locations-e scan hoyeche
Address system rejected valid special characters,Address system rejected valid special characters,Shipping,Immediate,Address system valid special characters reject koreche
Carrier left package at foreclosed property,Carrier left package at foreclosed property,Shipping,High,Carrier foreclosed property-te package rekhe geche
Shipping options limited without explanation,Shipping options limited without explanation,Shipping,Medium,Kono explanation charai shipping options limited chilo
Package delivered to vacant vacation home,Package delivered to vacant vacation home,Shipping,High,Package vacant vacation home-e deliver hoyeche
Address change required notarized letter,Address change required notarized letter,Shipping,Immediate,Address change korar jonno notarized letter lagtese
Carrier delivered to wrong church office,Carrier delivered to wrong church office,Shipping,High,Carrier vul church office-e deliver koreche
Shipping insurance didn't cover damage,Shipping insurance didn't cover damage,Shipping,Medium,Shipping insurance damage cover koreni
Package left at community mailbox illegally,Package left at community mailbox illegally,Shipping,High,Package illegally community mailbox-e rekhe geche
Address system auto-changed correct input,Address system auto-changed correct input,Shipping,Immediate,Address system sothik input auto-change kore diyeche
Carrier delivered to wrong hospital department,Carrier delivered to wrong hospital department,Shipping,High,Carrier vul hospital department-e deliver koreche
Shipping label had illegible barcode,Shipping label had illegible barcode,Shipping,Medium,Shipping label-er barcode pora jacchilo na
Package routing skipped nearest facility,Package routing skipped nearest facility,Shipping,High,Package routing shobcheye kachher facility skip koreche
Address verification failed for new development,Address verification failed for new development,Shipping,Immediate,New development-er jonno address verification fail koreche
Carrier left package at wrong school office,Carrier left package at wrong school office,Shipping,High,Carrier vul school office-e package rekhe geche
Shipping method unavailable for gift orders,Shipping method unavailable for gift orders,Shipping,Medium,Gift orders-er jonno shipping method unavailable chilo
Package delivered to demolished address,Package delivered to demolished address,Shipping,High,Demolished address-e package deliver hoyeche
Gift message not included as requested,Gift message not included as requested,Special Requests,Medium,Jemon bola hoyechilo temon gift message deya hoyni
Delivery instructions completely ignored,Delivery instructions completely ignored,Special Requests,High,Delivery instructions ekdom ignore kora hoyeche
Personalization misspelled customer's name,Personalization misspelled customer's name,Special Requests,Immediate,Personalization-e customer-er nam বানান vul hoyeche
Gift packaging option was unavailable at checkout,Gift packaging option was unavailable at checkout,Special Requests,Medium,Checkout-er shomoy gift packaging option chilo na
Driver left package despite 'do not leave' instructions,Driver left package despite 'do not leave' instructions,Special Requests,High,'Do not leave' instruction thaka sotteo driver package rekhe geche
Custom engraving had wrong date format,Custom engraving had wrong date format,Special Requests,Immediate,Custom engraving-e vul date format chilo
Requested gift receipt was missing,Requested gift receipt was missing,Special Requests,Medium,Jeta cheyechilam shei gift receipt chilo na
Delivery came on restricted date,Delivery came on restricted date,Special Requests,High,Restricted date-e delivery chole asheche
Handwritten note was typed instead,Handwritten note was typed instead,Special Requests,Low,Handwritten note-er jaygay typed note deya hoyeche
Signature required ignored for alcohol delivery,Signature required ignored for alcohol delivery,Special Requests,Immediate,Alcohol delivery-te signature required chilo kintu ignore kora hoyeche
Gift message printed on invoice instead of card,Gift message printed on invoice instead of card,Special Requests,Medium,Card-er bodole invoice-er upor gift message print kora hoyeche
'Leave at back door' instruction not followed,'Leave at back door' instruction not followed,Special Requests,High,'Leave at back door' instruction follow kora hoyni
Monogram was upside down,Monogram was upside down,Special Requests,Immediate,Monogram ulta chilo
Gift wrapping added creases to product,Gift wrapping added creases to product,Special Requests,Medium,Gift wrapping-er karone product-e crease pore geche
Delivery arrived before requested date,Delivery arrived before requested date,Special Requests,High,Requested date-er age delivery chole asheche
Custom color request was substituted,Custom color request was substituted,Special Requests,Low,Custom color request-er bodole onno color deya hoyeche
Requested call before delivery never came,Requested call before delivery never came,Special Requests,Immediate,Delivery-r age call korar jonno bolechilam kintu keu call koreni
Gift note paper quality was poor,Gift note paper quality was poor,Special Requests,Medium,Gift note paper-er quality kharap chilo
Delivery left with wrong apartment neighbor,Delivery left with wrong apartment neighbor,Special Requests,High,Delivery vul apartment neighbor-er kachhe rekhe geche
Personalized message cut off mid-sentence,Personalized message cut off mid-sentence,Special Requests,Immediate,Personalized message majhpothe kete geche
Gift option added unexpected charges,Gift option added unexpected charges,Special Requests,Medium,Gift option add korar karone unexpected charges ashche
'Fragile' stickers were missing,'Fragile' stickers were missing,Special Requests,High,'Fragile' stickers chilo na
Custom sizing request was ignored,Custom sizing request was ignored,Special Requests,Low,Custom sizing er request ignore kora hoise
Delivery came during requested blackout hours,Delivery came during requested blackout hours,Special Requests,Immediate,Request kora blackout hours er shomoy delivery chole ashe
Hand-painted detail was sloppy,Hand-painted detail was sloppy,Special Requests,Medium,Hand-painted detail kharap chilo
Gift message contained typos,Gift message contained typos,Special Requests,High,Gift message e typos chilo
Driver rang bell despite 'do not disturb' note,Driver rang bell despite 'do not disturb' note,Special Requests,Immediate,'Do not disturb' note thaka shottew shobdo kore driver bell bajase
Custom embroidery had wrong thread color,Custom embroidery had wrong thread color,Special Requests,Medium,Custom embroidery te bhul thread color chilo
Requested eco-friendly packaging was plastic,Requested eco-friendly packaging was plastic,Special Requests,High,Request kora eco-friendly packaging plastic chilo
Delivery left in plain view despite instructions,Delivery left in plain view despite instructions,Special Requests,Low,Instructions thaka shottew shobar samne delivery fele gese
Personalized dates were formatted wrong,Personalized dates were formatted wrong,Special Requests,Immediate,Personalized dates gulo bhul format e chilo
Gift receipt showed original price,Gift receipt showed original price,Special Requests,Medium,Gift receipt e original price dekhaise
'Require ID' instruction was ignored,'Require ID' instruction was ignored,Special Requests,High,'Require ID' instruction ignore kora hoise
Custom engraving depth was inconsistent,Custom engraving depth was inconsistent,Special Requests,Immediate,Custom engraving depth ekrokom chilo na
Requested morning delivery came at night,Requested morning delivery came at night,Special Requests,Medium,Morning delivery request korle raite ashche
Gift wrapping color was wrong,Gift wrapping color was wrong,Special Requests,High,Gift wrapping color bhul chilo
Delivery came to old address after update,Delivery came to old address after update,Special Requests,Low,Update korar poreo delivery puraton address e ashe
Handwritten message was illegible,Handwritten message was illegible,Special Requests,Immediate,Handwritten message pora jacche na
Special occasion card was missing,Special occasion card was missing,Special Requests,Medium,Special occasion card missing chilo
Driver didn't follow gate code instructions,Driver didn't follow gate code instructions,Special Requests,High,Driver gate code instructions follow kore nai
Personalized coordinates were inaccurate,Personalized coordinates were inaccurate,Special Requests,Immediate,Personalized coordinates accurate chilo na
Gift message arrived separately from package,Gift message arrived separately from package,Special Requests,Medium,Gift message package theke alada bhabe ashche
'Perishable' stickers weren't used,'Perishable' stickers weren't used,Special Requests,High,'Perishable' stickers use kora hoy nai
Custom font request was substituted,Custom font request was substituted,Special Requests,Low,Custom font request change kore dewa hoise
Delivery left outside in rain despite garage option,Delivery left outside in rain despite garage option,Special Requests,Immediate,Garage option thaka shottew brishti te delivery baire fele gese
Requested vegan packaging contained leather,Requested vegan packaging contained leather,Special Requests,Medium,Request kora vegan packaging e leather chilo
Gift note was placed inside package,Gift note was placed inside package,Special Requests,High,Gift note package er bhitore rakha hoise
Signature required was bypassed,Signature required was bypassed,Special Requests,Immediate,Signature required bypass kora hoise
Personalized jewelry had wrong engraving,Personalized jewelry had wrong engraving,Special Requests,Medium,Personalized jewelry te bhul engraving chilo
'Do not fold' instruction was ignored,'Do not fold' instruction was ignored,Special Requests,High,'Do not fold' instruction ignore kora hoise
Delivery came after recipient left town,Delivery came after recipient left town,Special Requests,Low,Recipient town chere jawar pore delivery ashche
Custom photo print was cropped wrong,Custom photo print was cropped wrong,Special Requests,Immediate,Custom photo print bhul bhabe crop kora hoise
Gift wrapping crushed delicate item,Gift wrapping crushed delicate item,Special Requests,Medium,Gift wrapping e delicate item nosto hoye gese
Driver left package with unauthorized person,Driver left package with unauthorized person,Special Requests,High,Driver unauthorized person er kache package rekhe gese
Requested discreet packaging had logos,Requested discreet packaging had logos,Special Requests,Immediate,Request kora discreet packaging e logos chilo
Hand-painted design didn't match sample,Hand-painted design didn't match sample,Special Requests,Medium,Hand-painted design sample er sathe mile nai
Gift message was on wrong language,Gift message was on wrong language,Special Requests,High,Gift message bhul language e chilo
Delivery instructions were cut off in app,Delivery instructions were cut off in app,Special Requests,Low,App e delivery instructions cut off hoye gesilo
Personalized text exceeded character limit silently,Personalized text exceeded character limit silently,Special Requests,Immediate,Personalized text character limit silently cross korse
Special delivery window was missed,Special delivery window was missed,Special Requests,Medium,Special delivery window miss hoye gese
'This Side Up' sticker was missing,'This Side Up' sticker was missing,Special Requests,High,'This Side Up' sticker missing chilo
Custom embroidery had loose threads,Custom embroidery had loose threads,Special Requests,Immediate,Custom embroidery te loose threads chilo
Requested gift boxing was just tissue paper,Requested gift boxing was just tissue paper,Special Requests,Medium,Request kora gift boxing shudhu tissue paper chilo
Driver ignored 'leave with concierge',Driver ignored 'leave with concierge',Special Requests,High,Driver 'leave with concierge' ignore korse
Personalized dates used wrong calendar,Personalized dates used wrong calendar,Special Requests,Low,Personalized dates e bhul calendar use hoise
Gift receipt included return shipping cost,Gift receipt included return shipping cost,Special Requests,Immediate,Gift receipt e return shipping cost include chilo
Delivery came during funeral requested to avoid,Delivery came during funeral requested to avoid,Special Requests,Medium,"Avoid korte bolechila, kintu funeral er shomoy delivery ashche"
Handwritten note looked photocopied,Handwritten note looked photocopied,Special Requests,High,Handwritten note photocopy laise
Special instructions disappeared from order,Special instructions disappeared from order,Special Requests,Immediate,Special instructions order theke gayeb hoye gese
Custom monogram had wrong initials,Custom monogram had wrong initials,Special Requests,Medium,Custom monogram e bhul initials chilo
Requested signature confirmation was skipped,Requested signature confirmation was skipped,Special Requests,High,Request kora signature confirmation skip kora hoise
Gift message paper was see-through,Gift message paper was see-through,Special Requests,Low,Gift message paper see-through chilo
Delivery left at wrong business entrance,Delivery left at wrong business entrance,Special Requests,Immediate,Delivery bhul business entrance e rekhe geche.
Personalized engraving had typos,Personalized engraving had typos,Special Requests,Medium,Personalized engraving e banan bhul chilo.
'Fragile - Glass' marking was missing,'Fragile - Glass' marking was missing,Special Requests,High,'Fragile - Glass' marking missing chilo.
Special occasion delivery was one day late,Special occasion delivery was one day late,Special Requests,Immediate,Special occasion delivery ek din late chilo.
Custom color mix was incorrect,Custom color mix was incorrect,Special Requests,Medium,Custom color mix thik chilo na.
Requested call on arrival never came,Requested call on arrival never came,Special Requests,High,"Ashar por call korte bolechilam, kintu kono call asheni."
Gift wrapping damaged collectible item,Gift wrapping damaged collectible item,Special Requests,Low,Gift wrapping er karone collectible item ta noshto hoye geche.
Driver ignored 'no safe drop location' note,Driver ignored 'no safe drop location' note,Special Requests,Immediate,'No safe drop location' note ta driver ignore koreche.
Personalized message was truncated,Personalized message was truncated,Special Requests,Medium,Personalized message ta kete choto kore dewa hoyechilo.
Delivery came before requested surprise time,Delivery came before requested surprise time,Special Requests,High,Request kora surprise time er agei delivery chole ashe.
Special font request defaulted to basic,Special font request defaulted to basic,Special Requests,Immediate,Special font er request thakleo basic font use kora hoyeche.
Hand-painted item had smudges,Hand-painted item had smudges,Special Requests,Medium,Hand-painted item e smudges chilo.
Gift note ink smeared easily,Gift note ink smeared easily,Special Requests,High,Gift note er ink khub shiggir smearing hoye geche.
Requested discreet shipping showed contents,Requested discreet shipping showed contents,Special Requests,Low,Discreet shipping er request korleo vitore ki ache ta baire theke bojha geche.
Custom sizing chart was inaccurate,Custom sizing chart was inaccurate,Special Requests,Immediate,Custom sizing chart ta thik chilo na.
Delivery left at vacant neighbor's house,Delivery left at vacant neighbor's house,Special Requests,Medium,Delivery ekta faka neighbor er bashay rekhe geche.
Personalized coordinates were reversed,Personalized coordinates were reversed,Special Requests,High,Personalized coordinates gulo ulto chilo.
Special handling instructions were ignored,Special handling instructions were ignored,Special Requests,Immediate,Special handling instructions gulo ignore kora hoyeche.
Gift message card was bent,Gift message card was bent,Special Requests,Medium,Gift message card ta bend hoye geche.
Driver didn't use provided gate remote,Driver didn't use provided gate remote,Special Requests,High,Driver dewa gate remote use koreni.
Requested vegan ink contained animal products,Requested vegan ink contained animal products,Special Requests,Low,Request kora vegan ink e animal products chilo.
Custom embroidery missed stitches,Custom embroidery missed stitches,Special Requests,Immediate,Custom embroidery te stiches missing chilo.
Delivery arrived after birthday passed,Delivery arrived after birthday passed,Special Requests,Medium,Birthday chole jawar por delivery ashe.
Special occasion card was generic,Special occasion card was generic,Special Requests,High,Special occasion card ta generic chilo.
Personalized dates used wrong format,Personalized dates used wrong format,Special Requests,Immediate,Personalized dates e bhul format use kora hoyeche.
Gift packaging crushed corners,Gift packaging crushed corners,Special Requests,Medium,Gift packaging er corners gulo crushed chilo.
Requested signature was forged,Requested signature was forged,Special Requests,High,Request kora signature forge kora hoyeche.
Handwritten note was printed font,Handwritten note was printed font,Special Requests,Low,Handwritten note er jaygay printed font chilo.
Custom engraving was off-center,Custom engraving was off-center,Special Requests,Immediate,Custom engraving ta off-center chilo.
Delivery left outside security gate,Delivery left outside security gate,Special Requests,Medium,Delivery security gate er baire rekhe geche.
Special instructions were in order notes only,Special instructions were in order notes only,Special Requests,High,Special instructions shudhu order notes e chilo.
Gift message arrived after package,Gift message arrived after package,Special Requests,Immediate,Gift message ta package ashar pore eseche.
